path,class,filename,group_id
dataset/Combined Dataset/train/ambulance/195939523.jpg,ambulance,195939523.jpg,0
dataset/Combined Dataset/train/ambulance/198197588.jpg,ambulance,198197588.jpg,1
dataset/Combined Dataset/train/ambulance/198727855.jpg,ambulance,198727855.jpg,2
dataset/Combined Dataset/train/ambulance/199031396.jpg,ambulance,199031396.jpg,3
dataset/Combined Dataset/train/ambulance/199038575.jpg,ambulance,199038575.jpg,4
dataset/Combined Dataset/train/ambulance/199587392.jpg,ambulance,199587392.jpg,5
dataset/Combined Dataset/train/ambulance/199659807.jpg,ambulance,199659807.jpg,6
dataset/Combined Dataset/train/ambulance/199984667.jpg,ambulance,199984667.jpg,7
dataset/Combined Dataset/train/ambulance/200011359.jpg,ambulance,200011359.jpg,8
dataset/Combined Dataset/train/ambulance/200105319.jpg,ambulance,200105319.jpg,9
dataset/Combined Dataset/train/ambulance/200180166.jpg,ambulance,200180166.jpg,10
dataset/Combined Dataset/train/ambulance/200605434.jpg,ambulance,200605434.jpg,11
dataset/Combined Dataset/train/ambulance/200771627.jpg,ambulance,200771627.jpg,12
dataset/Combined Dataset/train/ambulance/200805520.jpg,ambulance,200805520.jpg,13
dataset/Combined Dataset/train/ambulance/201944291.jpg,ambulance,201944291.jpg,14
dataset/Combined Dataset/train/ambulance/202045377.jpg,ambulance,202045377.jpg,15
dataset/Combined Dataset/train/ambulance/203158523.jpg,ambulance,203158523.jpg,16
dataset/Combined Dataset/train/ambulance/203539792.jpg,ambulance,203539792.jpg,17
dataset/Combined Dataset/train/ambulance/203829862.jpg,ambulance,203829862.jpg,18
dataset/Combined Dataset/train/ambulance/204215951.jpg,ambulance,204215951.jpg,19
dataset/Combined Dataset/train/ambulance/204227881.jpg,ambulance,204227881.jpg,20
dataset/Combined Dataset/train/ambulance/205326290.jpg,ambulance,205326290.jpg,21
dataset/Combined Dataset/train/ambulance/206000918.jpg,ambulance,206000918.jpg,22
dataset/Combined Dataset/train/ambulance/206174864.jpg,ambulance,206174864.jpg,23
dataset/Combined Dataset/train/ambulance/206808986.jpg,ambulance,206808986.jpg,24
dataset/Combined Dataset/train/ambulance/207226876.jpg,ambulance,207226876.jpg,25
dataset/Combined Dataset/train/ambulance/208466531.jpg,ambulance,208466531.jpg,26
dataset/Combined Dataset/train/ambulance/208738861.jpg,ambulance,208738861.jpg,27
dataset/Combined Dataset/train/ambulance/209258888.jpg,ambulance,209258888.jpg,28
dataset/Combined Dataset/train/ambulance/209524502.jpg,ambulance,209524502.jpg,29
dataset/Combined Dataset/train/ambulance/209741797.jpg,ambulance,209741797.jpg,30
dataset/Combined Dataset/train/ambulance/209817390.jpg,ambulance,209817390.jpg,31
dataset/Combined Dataset/train/ambulance/209819480.jpg,ambulance,209819480.jpg,32
dataset/Combined Dataset/train/ambulance/210118911.jpg,ambulance,210118911.jpg,33
dataset/Combined Dataset/train/ambulance/210178416.jpg,ambulance,210178416.jpg,34
dataset/Combined Dataset/train/ambulance/210925845.jpg,ambulance,210925845.jpg,35
dataset/Combined Dataset/train/ambulance/211184410.jpg,ambulance,211184410.jpg,36
dataset/Combined Dataset/train/ambulance/211531125.jpg,ambulance,211531125.jpg,37
dataset/Combined Dataset/train/ambulance/211623028.jpg,ambulance,211623028.jpg,38
dataset/Combined Dataset/train/ambulance/211786744.jpg,ambulance,211786744.jpg,39
dataset/Combined Dataset/train/ambulance/211874554.jpg,ambulance,211874554.jpg,40
dataset/Combined Dataset/train/ambulance/211881113.jpg,ambulance,211881113.jpg,41
dataset/Combined Dataset/train/ambulance/211940909.jpg,ambulance,211940909.jpg,42
dataset/Combined Dataset/train/ambulance/211966435.jpg,ambulance,211966435.jpg,43
dataset/Combined Dataset/train/ambulance/212001982.jpg,ambulance,212001982.jpg,44
dataset/Combined Dataset/train/ambulance/212007692.jpg,ambulance,212007692.jpg,45
dataset/Combined Dataset/train/ambulance/212170320.jpg,ambulance,212170320.jpg,46
dataset/Combined Dataset/train/ambulance/212181645.jpg,ambulance,212181645.jpg,47
dataset/Combined Dataset/train/ambulance/212304509.jpg,ambulance,212304509.jpg,48
dataset/Combined Dataset/train/ambulance/212360232.jpg,ambulance,212360232.jpg,49
dataset/Combined Dataset/train/ambulance/212409258.jpg,ambulance,212409258.jpg,50
dataset/Combined Dataset/train/ambulance/212750815.jpg,ambulance,212750815.jpg,51
dataset/Combined Dataset/train/ambulance/212759904.jpg,ambulance,212759904.jpg,52
dataset/Combined Dataset/train/ambulance/212822076.jpg,ambulance,212822076.jpg,53
dataset/Combined Dataset/train/ambulance/212836783.jpg,ambulance,212836783.jpg,54
dataset/Combined Dataset/train/ambulance/212921984.jpg,ambulance,212921984.jpg,55
dataset/Combined Dataset/train/ambulance/213029149.jpg,ambulance,213029149.jpg,56
dataset/Combined Dataset/train/ambulance/213064777.jpg,ambulance,213064777.jpg,57
dataset/Combined Dataset/train/ambulance/213231064.jpg,ambulance,213231064.jpg,58
dataset/Combined Dataset/train/ambulance/213260411.jpg,ambulance,213260411.jpg,59
dataset/Combined Dataset/train/ambulance/213283576.jpg,ambulance,213283576.jpg,60
dataset/Combined Dataset/train/ambulance/213342200.jpg,ambulance,213342200.jpg,61
dataset/Combined Dataset/train/ambulance/213357768.jpg,ambulance,213357768.jpg,62
dataset/Combined Dataset/train/ambulance/213490536.jpg,ambulance,213490536.jpg,63
dataset/Combined Dataset/train/ambulance/213495669.jpg,ambulance,213495669.jpg,64
dataset/Combined Dataset/train/ambulance/213615902.jpg,ambulance,213615902.jpg,65
dataset/Combined Dataset/train/ambulance/213796534.jpg,ambulance,213796534.jpg,66
dataset/Combined Dataset/train/ambulance/213801906.jpg,ambulance,213801906.jpg,67
dataset/Combined Dataset/train/ambulance/213805984.jpg,ambulance,213805984.jpg,68
dataset/Combined Dataset/train/ambulance/214162077.jpg,ambulance,214162077.jpg,69
dataset/Combined Dataset/train/ambulance/214289809.jpg,ambulance,214289809.jpg,70
dataset/Combined Dataset/train/ambulance/214343204.jpg,ambulance,214343204.jpg,71
dataset/Combined Dataset/train/ambulance/214354132.jpg,ambulance,214354132.jpg,72
dataset/Combined Dataset/train/ambulance/214358069.jpg,ambulance,214358069.jpg,73
dataset/Combined Dataset/train/ambulance/214375238.jpg,ambulance,214375238.jpg,74
dataset/Combined Dataset/train/ambulance/214425638.jpg,ambulance,214425638.jpg,75
dataset/Combined Dataset/train/ambulance/214485304.jpg,ambulance,214485304.jpg,76
dataset/Combined Dataset/train/ambulance/214491147.jpg,ambulance,214491147.jpg,77
dataset/Combined Dataset/train/ambulance/214491219.jpg,ambulance,214491219.jpg,78
dataset/Combined Dataset/train/ambulance/214493399.jpg,ambulance,214493399.jpg,79
dataset/Combined Dataset/train/ambulance/214587510.jpg,ambulance,214587510.jpg,80
dataset/Combined Dataset/train/ambulance/214632265.jpg,ambulance,214632265.jpg,81
dataset/Combined Dataset/train/ambulance/214639587.jpg,ambulance,214639587.jpg,82
dataset/Combined Dataset/train/ambulance/214641358.jpg,ambulance,214641358.jpg,83
dataset/Combined Dataset/train/ambulance/214644650.jpg,ambulance,214644650.jpg,84
dataset/Combined Dataset/train/ambulance/214715793.jpg,ambulance,214715793.jpg,85
dataset/Combined Dataset/train/ambulance/214721739.jpg,ambulance,214721739.jpg,86
dataset/Combined Dataset/train/ambulance/214725360.jpg,ambulance,214725360.jpg,87
dataset/Combined Dataset/train/ambulance/214735836.jpg,ambulance,214735836.jpg,88
dataset/Combined Dataset/train/ambulance/214784967.jpg,ambulance,214784967.jpg,89
dataset/Combined Dataset/train/ambulance/214803565.jpg,ambulance,214803565.jpg,90
dataset/Combined Dataset/train/ambulance/214851600.jpg,ambulance,214851600.jpg,91
dataset/Combined Dataset/train/ambulance/215068423.jpg,ambulance,215068423.jpg,92
dataset/Combined Dataset/train/ambulance/215080857.jpg,ambulance,215080857.jpg,93
dataset/Combined Dataset/train/ambulance/215086043.jpg,ambulance,215086043.jpg,94
dataset/Combined Dataset/train/ambulance/215101954.jpg,ambulance,215101954.jpg,95
dataset/Combined Dataset/train/ambulance/215162191.jpg,ambulance,215162191.jpg,96
dataset/Combined Dataset/train/ambulance/215169753.jpg,ambulance,215169753.jpg,97
dataset/Combined Dataset/train/ambulance/215417394.jpg,ambulance,215417394.jpg,98
dataset/Combined Dataset/train/ambulance/215455492.jpg,ambulance,215455492.jpg,99
dataset/Combined Dataset/train/ambulance/215578376.jpg,ambulance,215578376.jpg,100
dataset/Combined Dataset/train/ambulance/215630754.jpg,ambulance,215630754.jpg,101
dataset/Combined Dataset/train/ambulance/215691126.jpg,ambulance,215691126.jpg,102
dataset/Combined Dataset/train/ambulance/215692641.jpg,ambulance,215692641.jpg,103
dataset/Combined Dataset/train/ambulance/215726067.jpg,ambulance,215726067.jpg,104
dataset/Combined Dataset/train/ambulance/215731258.jpg,ambulance,215731258.jpg,105
dataset/Combined Dataset/train/ambulance/215767078.jpg,ambulance,215767078.jpg,106
dataset/Combined Dataset/train/ambulance/215775075.jpg,ambulance,215775075.jpg,107
dataset/Combined Dataset/train/ambulance/215775115.jpg,ambulance,215775115.jpg,108
dataset/Combined Dataset/train/ambulance/215776808.jpg,ambulance,215776808.jpg,109
dataset/Combined Dataset/train/ambulance/215784252.jpg,ambulance,215784252.jpg,110
dataset/Combined Dataset/train/ambulance/215799618.jpg,ambulance,215799618.jpg,111
dataset/Combined Dataset/train/ambulance/215802717.jpg,ambulance,215802717.jpg,112
dataset/Combined Dataset/train/ambulance/215818698.jpg,ambulance,215818698.jpg,113
dataset/Combined Dataset/train/ambulance/215890423.jpg,ambulance,215890423.jpg,114
dataset/Combined Dataset/train/ambulance/215895473.jpg,ambulance,215895473.jpg,115
dataset/Combined Dataset/train/ambulance/215922180.jpg,ambulance,215922180.jpg,116
dataset/Combined Dataset/train/ambulance/215942342.jpg,ambulance,215942342.jpg,117
dataset/Combined Dataset/train/ambulance/215951291.jpg,ambulance,215951291.jpg,118
dataset/Combined Dataset/train/ambulance/215973116.jpg,ambulance,215973116.jpg,119
dataset/Combined Dataset/train/ambulance/215998859.jpg,ambulance,215998859.jpg,120
dataset/Combined Dataset/train/ambulance/216005219.jpg,ambulance,216005219.jpg,121
dataset/Combined Dataset/train/ambulance/216013688.jpg,ambulance,216013688.jpg,122
dataset/Combined Dataset/train/ambulance/216018033.jpg,ambulance,216018033.jpg,123
dataset/Combined Dataset/train/ambulance/216019173.jpg,ambulance,216019173.jpg,124
dataset/Combined Dataset/train/ambulance/216021723.jpg,ambulance,216021723.jpg,125
dataset/Combined Dataset/train/ambulance/216026223.jpg,ambulance,216026223.jpg,126
dataset/Combined Dataset/train/ambulance/216029056.jpg,ambulance,216029056.jpg,127
dataset/Combined Dataset/train/ambulance/216035809.jpg,ambulance,216035809.jpg,128
dataset/Combined Dataset/train/ambulance/216048174.jpg,ambulance,216048174.jpg,129
dataset/Combined Dataset/train/ambulance/216050566.jpg,ambulance,216050566.jpg,130
dataset/Combined Dataset/train/ambulance/216056611.jpg,ambulance,216056611.jpg,131
dataset/Combined Dataset/train/ambulance/216059668.jpg,ambulance,216059668.jpg,132
dataset/Combined Dataset/train/ambulance/216066730.jpg,ambulance,216066730.jpg,133
dataset/Combined Dataset/train/ambulance/216077999.jpg,ambulance,216077999.jpg,134
dataset/Combined Dataset/train/ambulance/216082736.jpg,ambulance,216082736.jpg,135
dataset/Combined Dataset/train/ambulance/216092441.jpg,ambulance,216092441.jpg,136
dataset/Combined Dataset/train/ambulance/216105563.jpg,ambulance,216105563.jpg,137
dataset/Combined Dataset/train/ambulance/216113788.jpg,ambulance,216113788.jpg,138
dataset/Combined Dataset/train/ambulance/216118298.jpg,ambulance,216118298.jpg,139
dataset/Combined Dataset/train/ambulance/216128960.jpg,ambulance,216128960.jpg,140
dataset/Combined Dataset/train/ambulance/216143298.jpg,ambulance,216143298.jpg,141
dataset/Combined Dataset/train/ambulance/216146573.jpg,ambulance,216146573.jpg,142
dataset/Combined Dataset/train/ambulance/216152703.jpg,ambulance,216152703.jpg,143
dataset/Combined Dataset/train/ambulance/216157856.jpg,ambulance,216157856.jpg,144
dataset/Combined Dataset/train/ambulance/216216403.jpg,ambulance,216216403.jpg,145
dataset/Combined Dataset/train/ambulance/216219333.jpg,ambulance,216219333.jpg,146
dataset/Combined Dataset/train/ambulance/216222707.jpg,ambulance,216222707.jpg,147
dataset/Combined Dataset/train/ambulance/216224583.jpg,ambulance,216224583.jpg,148
dataset/Combined Dataset/train/ambulance/216232960.jpg,ambulance,216232960.jpg,149
dataset/Combined Dataset/train/ambulance/216235901.jpg,ambulance,216235901.jpg,150
dataset/Combined Dataset/train/ambulance/216242769.jpg,ambulance,216242769.jpg,151
dataset/Combined Dataset/train/ambulance/216256793.jpg,ambulance,216256793.jpg,152
dataset/Combined Dataset/train/ambulance/216287989.jpg,ambulance,216287989.jpg,153
dataset/Combined Dataset/train/ambulance/216292398.jpg,ambulance,216292398.jpg,154
dataset/Combined Dataset/train/ambulance/216347959.jpg,ambulance,216347959.jpg,155
dataset/Combined Dataset/train/ambulance/216362224.jpg,ambulance,216362224.jpg,156
dataset/Combined Dataset/train/ambulance/216379768.jpg,ambulance,216379768.jpg,157
dataset/Combined Dataset/train/ambulance/216400367.jpg,ambulance,216400367.jpg,158
dataset/Combined Dataset/train/ambulance/216447391.jpg,ambulance,216447391.jpg,159
dataset/Combined Dataset/train/ambulance/216449202.jpg,ambulance,216449202.jpg,160
dataset/Combined Dataset/train/ambulance/216456892.jpg,ambulance,216456892.jpg,161
dataset/Combined Dataset/train/ambulance/216527609.jpg,ambulance,216527609.jpg,162
dataset/Combined Dataset/train/ambulance/216529830.jpg,ambulance,216529830.jpg,163
dataset/Combined Dataset/train/ambulance/216533019.jpg,ambulance,216533019.jpg,164
dataset/Combined Dataset/train/ambulance/216561672.jpg,ambulance,216561672.jpg,165
dataset/Combined Dataset/train/ambulance/216576768.jpg,ambulance,216576768.jpg,166
dataset/Combined Dataset/train/ambulance/216612929.jpg,ambulance,216612929.jpg,167
dataset/Combined Dataset/train/ambulance/216625195.jpg,ambulance,216625195.jpg,168
dataset/Combined Dataset/train/ambulance/216657686.jpg,ambulance,216657686.jpg,169
dataset/Combined Dataset/train/ambulance/216657889.jpg,ambulance,216657889.jpg,170
dataset/Combined Dataset/train/ambulance/216662289.jpg,ambulance,216662289.jpg,171
dataset/Combined Dataset/train/ambulance/216673206.jpg,ambulance,216673206.jpg,172
dataset/Combined Dataset/train/ambulance/216676321.jpg,ambulance,216676321.jpg,173
dataset/Combined Dataset/train/ambulance/216685886.jpg,ambulance,216685886.jpg,174
dataset/Combined Dataset/train/ambulance/216702100.jpg,ambulance,216702100.jpg,175
dataset/Combined Dataset/train/ambulance/216753875.jpg,ambulance,216753875.jpg,176
dataset/Combined Dataset/train/ambulance/216756276.jpg,ambulance,216756276.jpg,177
dataset/Combined Dataset/train/ambulance/216765169.jpg,ambulance,216765169.jpg,178
dataset/Combined Dataset/train/ambulance/216771004.jpg,ambulance,216771004.jpg,179
dataset/Combined Dataset/train/ambulance/216773853.jpg,ambulance,216773853.jpg,180
dataset/Combined Dataset/train/ambulance/216777388.jpg,ambulance,216777388.jpg,181
dataset/Combined Dataset/train/ambulance/216780041.jpg,ambulance,216780041.jpg,182
dataset/Combined Dataset/train/ambulance/216816417.jpg,ambulance,216816417.jpg,183
dataset/Combined Dataset/train/ambulance/216820535.jpg,ambulance,216820535.jpg,184
dataset/Combined Dataset/train/ambulance/216834352.jpg,ambulance,216834352.jpg,185
dataset/Combined Dataset/train/ambulance/216840747.jpg,ambulance,216840747.jpg,186
dataset/Combined Dataset/train/ambulance/216841428.jpg,ambulance,216841428.jpg,187
dataset/Combined Dataset/train/ambulance/216843475.jpg,ambulance,216843475.jpg,188
dataset/Combined Dataset/train/ambulance/216864213.jpg,ambulance,216864213.jpg,189
dataset/Combined Dataset/train/ambulance/216903655.jpg,ambulance,216903655.jpg,190
dataset/Combined Dataset/train/ambulance/216915388.jpg,ambulance,216915388.jpg,191
dataset/Combined Dataset/train/ambulance/216951685.jpg,ambulance,216951685.jpg,192
dataset/Combined Dataset/train/ambulance/216952196.jpg,ambulance,216952196.jpg,193
dataset/Combined Dataset/train/ambulance/216959847.jpg,ambulance,216959847.jpg,194
dataset/Combined Dataset/train/ambulance/216974433.jpg,ambulance,216974433.jpg,195
dataset/Combined Dataset/train/ambulance/216983143.jpg,ambulance,216983143.jpg,196
dataset/Combined Dataset/train/ambulance/216999633.jpg,ambulance,216999633.jpg,197
dataset/Combined Dataset/train/ambulance/217037450.jpg,ambulance,217037450.jpg,198
dataset/Combined Dataset/train/ambulance/217043669.jpg,ambulance,217043669.jpg,199
dataset/Combined Dataset/train/ambulance/217064863.jpg,ambulance,217064863.jpg,200
dataset/Combined Dataset/train/ambulance/217088412.jpg,ambulance,217088412.jpg,201
dataset/Combined Dataset/train/ambulance/217119220.jpg,ambulance,217119220.jpg,202
dataset/Combined Dataset/train/ambulance/217150612.jpg,ambulance,217150612.jpg,203
dataset/Combined Dataset/train/ambulance/217155355.jpg,ambulance,217155355.jpg,204
dataset/Combined Dataset/train/ambulance/217161744.jpg,ambulance,217161744.jpg,205
dataset/Combined Dataset/train/ambulance/217165994.jpg,ambulance,217165994.jpg,206
dataset/Combined Dataset/train/ambulance/217183766.jpg,ambulance,217183766.jpg,207
dataset/Combined Dataset/train/ambulance/217200843.jpg,ambulance,217200843.jpg,208
dataset/Combined Dataset/train/ambulance/217206154.jpg,ambulance,217206154.jpg,209
dataset/Combined Dataset/train/ambulance/217206401.jpg,ambulance,217206401.jpg,210
dataset/Combined Dataset/train/ambulance/217208536.jpg,ambulance,217208536.jpg,211
dataset/Combined Dataset/train/ambulance/217209937.jpg,ambulance,217209937.jpg,212
dataset/Combined Dataset/train/ambulance/217219997.jpg,ambulance,217219997.jpg,213
dataset/Combined Dataset/train/ambulance/217226406.jpg,ambulance,217226406.jpg,214
dataset/Combined Dataset/train/ambulance/217250077.jpg,ambulance,217250077.jpg,215
dataset/Combined Dataset/train/ambulance/217255744.jpg,ambulance,217255744.jpg,216
dataset/Combined Dataset/train/ambulance/217282219.jpg,ambulance,217282219.jpg,217
dataset/Combined Dataset/train/ambulance/217302360.jpg,ambulance,217302360.jpg,218
dataset/Combined Dataset/train/ambulance/217323165.jpg,ambulance,217323165.jpg,219
dataset/Combined Dataset/train/ambulance/217323781.jpg,ambulance,217323781.jpg,220
dataset/Combined Dataset/train/ambulance/217324168.jpg,ambulance,217324168.jpg,221
dataset/Combined Dataset/train/ambulance/217377073.jpg,ambulance,217377073.jpg,222
dataset/Combined Dataset/train/ambulance/217381140.jpg,ambulance,217381140.jpg,223
dataset/Combined Dataset/train/ambulance/217399746.jpg,ambulance,217399746.jpg,224
dataset/Combined Dataset/train/ambulance/217402380.jpg,ambulance,217402380.jpg,225
dataset/Combined Dataset/train/ambulance/217402945.jpg,ambulance,217402945.jpg,226
dataset/Combined Dataset/train/ambulance/217408246.jpg,ambulance,217408246.jpg,227
dataset/Combined Dataset/train/ambulance/217447963.jpg,ambulance,217447963.jpg,228
dataset/Combined Dataset/train/ambulance/217477279.jpg,ambulance,217477279.jpg,229
dataset/Combined Dataset/train/ambulance/217477434.jpg,ambulance,217477434.jpg,230
dataset/Combined Dataset/train/ambulance/217479305.jpg,ambulance,217479305.jpg,231
dataset/Combined Dataset/train/ambulance/217480566.jpg,ambulance,217480566.jpg,232
dataset/Combined Dataset/train/ambulance/217495327.jpg,ambulance,217495327.jpg,233
dataset/Combined Dataset/train/ambulance/217496158.jpg,ambulance,217496158.jpg,234
dataset/Combined Dataset/train/ambulance/217497126.jpg,ambulance,217497126.jpg,235
dataset/Combined Dataset/train/ambulance/217499646.jpg,ambulance,217499646.jpg,236
dataset/Combined Dataset/train/ambulance/217504681.jpg,ambulance,217504681.jpg,237
dataset/Combined Dataset/train/ambulance/217506368.jpg,ambulance,217506368.jpg,238
dataset/Combined Dataset/train/ambulance/217541742.jpg,ambulance,217541742.jpg,239
dataset/Combined Dataset/train/ambulance/217551252.jpg,ambulance,217551252.jpg,240
dataset/Combined Dataset/train/ambulance/217570069.jpg,ambulance,217570069.jpg,241
dataset/Combined Dataset/train/ambulance/217579095.jpg,ambulance,217579095.jpg,242
dataset/Combined Dataset/train/ambulance/217579130.jpg,ambulance,217579130.jpg,243
dataset/Combined Dataset/train/ambulance/217584509.jpg,ambulance,217584509.jpg,244
dataset/Combined Dataset/train/ambulance/217652202.jpg,ambulance,217652202.jpg,245
dataset/Combined Dataset/train/ambulance/217676452.jpg,ambulance,217676452.jpg,246
dataset/Combined Dataset/train/ambulance/217696116.jpg,ambulance,217696116.jpg,247
dataset/Combined Dataset/train/ambulance/217697159.jpg,ambulance,217697159.jpg,248
dataset/Combined Dataset/train/ambulance/217727567.jpg,ambulance,217727567.jpg,249
dataset/Combined Dataset/train/ambulance/217782582.jpg,ambulance,217782582.jpg,250
dataset/Combined Dataset/train/ambulance/217785400.jpg,ambulance,217785400.jpg,251
dataset/Combined Dataset/train/ambulance/217813096.jpg,ambulance,217813096.jpg,252
dataset/Combined Dataset/train/ambulance/217814338.jpg,ambulance,217814338.jpg,253
dataset/Combined Dataset/train/ambulance/217825810.jpg,ambulance,217825810.jpg,254
dataset/Combined Dataset/train/ambulance/217888265.jpg,ambulance,217888265.jpg,255
dataset/Combined Dataset/train/ambulance/217896022.jpg,ambulance,217896022.jpg,256
dataset/Combined Dataset/train/ambulance/217910074.jpg,ambulance,217910074.jpg,257
dataset/Combined Dataset/train/ambulance/217940480.jpg,ambulance,217940480.jpg,258
dataset/Combined Dataset/train/ambulance/217941976.jpg,ambulance,217941976.jpg,259
dataset/Combined Dataset/train/ambulance/217986910.jpg,ambulance,217986910.jpg,260
dataset/Combined Dataset/train/ambulance/217998219.jpg,ambulance,217998219.jpg,261
dataset/Combined Dataset/train/ambulance/218036224.jpg,ambulance,218036224.jpg,262
dataset/Combined Dataset/train/ambulance/218069485.jpg,ambulance,218069485.jpg,263
dataset/Combined Dataset/train/ambulance/218070390.jpg,ambulance,218070390.jpg,264
dataset/Combined Dataset/train/ambulance/218078334.jpg,ambulance,218078334.jpg,265
dataset/Combined Dataset/train/ambulance/218080033.jpg,ambulance,218080033.jpg,266
dataset/Combined Dataset/train/ambulance/218119796.jpg,ambulance,218119796.jpg,267
dataset/Combined Dataset/train/ambulance/218153518.jpg,ambulance,218153518.jpg,268
dataset/Combined Dataset/train/ambulance/218166278.jpg,ambulance,218166278.jpg,269
dataset/Combined Dataset/train/ambulance/218171063.jpg,ambulance,218171063.jpg,270
dataset/Combined Dataset/train/ambulance/218179131.jpg,ambulance,218179131.jpg,271
dataset/Combined Dataset/train/ambulance/218191394.jpg,ambulance,218191394.jpg,272
dataset/Combined Dataset/train/ambulance/218193739.jpg,ambulance,218193739.jpg,273
dataset/Combined Dataset/train/ambulance/218197220.jpg,ambulance,218197220.jpg,274
dataset/Combined Dataset/train/ambulance/218204858.jpg,ambulance,218204858.jpg,275
dataset/Combined Dataset/train/ambulance/218214695.jpg,ambulance,218214695.jpg,276
dataset/Combined Dataset/train/ambulance/218244029.jpg,ambulance,218244029.jpg,277
dataset/Combined Dataset/train/ambulance/218249834.jpg,ambulance,218249834.jpg,278
dataset/Combined Dataset/train/ambulance/218254848.jpg,ambulance,218254848.jpg,279
dataset/Combined Dataset/train/ambulance/218266352.jpg,ambulance,218266352.jpg,280
dataset/Combined Dataset/train/ambulance/218275571.jpg,ambulance,218275571.jpg,281
dataset/Combined Dataset/train/ambulance/218289823.jpg,ambulance,218289823.jpg,282
dataset/Combined Dataset/train/ambulance/218289961.jpg,ambulance,218289961.jpg,283
dataset/Combined Dataset/train/ambulance/218308494.jpg,ambulance,218308494.jpg,284
dataset/Combined Dataset/train/ambulance/218315928.jpg,ambulance,218315928.jpg,285
dataset/Combined Dataset/train/ambulance/218316367.jpg,ambulance,218316367.jpg,286
dataset/Combined Dataset/train/ambulance/218332655.jpg,ambulance,218332655.jpg,287
dataset/Combined Dataset/train/ambulance/218335016.jpg,ambulance,218335016.jpg,288
dataset/Combined Dataset/train/ambulance/218339551.jpg,ambulance,218339551.jpg,289
dataset/Combined Dataset/train/ambulance/218343183.jpg,ambulance,218343183.jpg,290
dataset/Combined Dataset/train/ambulance/218352247.jpg,ambulance,218352247.jpg,291
dataset/Combined Dataset/train/ambulance/218353709.jpg,ambulance,218353709.jpg,292
dataset/Combined Dataset/train/ambulance/218384303.jpg,ambulance,218384303.jpg,293
dataset/Combined Dataset/train/ambulance/218420550.jpg,ambulance,218420550.jpg,294
dataset/Combined Dataset/train/ambulance/218460563.jpg,ambulance,218460563.jpg,295
dataset/Combined Dataset/train/ambulance/218461482.jpg,ambulance,218461482.jpg,296
dataset/Combined Dataset/train/ambulance/218506566.jpg,ambulance,218506566.jpg,297
dataset/Combined Dataset/train/ambulance/218591595.jpg,ambulance,218591595.jpg,298
dataset/Combined Dataset/train/ambulance/218621416.jpg,ambulance,218621416.jpg,299
dataset/Combined Dataset/train/ambulance/218644798.jpg,ambulance,218644798.jpg,300
dataset/Combined Dataset/train/ambulance/218653505.jpg,ambulance,218653505.jpg,301
dataset/Combined Dataset/train/ambulance/218659907.jpg,ambulance,218659907.jpg,302
dataset/Combined Dataset/train/ambulance/218665571.jpg,ambulance,218665571.jpg,303
dataset/Combined Dataset/train/ambulance/218666389.jpg,ambulance,218666389.jpg,304
dataset/Combined Dataset/train/ambulance/218673872.jpg,ambulance,218673872.jpg,305
dataset/Combined Dataset/train/ambulance/218676611.jpg,ambulance,218676611.jpg,306
dataset/Combined Dataset/train/ambulance/218701191.jpg,ambulance,218701191.jpg,307
dataset/Combined Dataset/train/ambulance/218702745.jpg,ambulance,218702745.jpg,308
dataset/Combined Dataset/train/ambulance/218705819.jpg,ambulance,218705819.jpg,309
dataset/Combined Dataset/train/ambulance/218718826.jpg,ambulance,218718826.jpg,310
dataset/Combined Dataset/train/ambulance/218729538.jpg,ambulance,218729538.jpg,311
dataset/Combined Dataset/train/ambulance/218737689.jpg,ambulance,218737689.jpg,312
dataset/Combined Dataset/train/ambulance/218739355.jpg,ambulance,218739355.jpg,313
dataset/Combined Dataset/train/ambulance/218756593.jpg,ambulance,218756593.jpg,314
dataset/Combined Dataset/train/ambulance/218771670.jpg,ambulance,218771670.jpg,315
dataset/Combined Dataset/train/ambulance/218775859.jpg,ambulance,218775859.jpg,316
dataset/Combined Dataset/train/ambulance/218786704.jpg,ambulance,218786704.jpg,317
dataset/Combined Dataset/train/ambulance/218808822.jpg,ambulance,218808822.jpg,318
dataset/Combined Dataset/train/ambulance/218811675.jpg,ambulance,218811675.jpg,319
dataset/Combined Dataset/train/ambulance/218816506.jpg,ambulance,218816506.jpg,320
dataset/Combined Dataset/train/ambulance/218819549.jpg,ambulance,218819549.jpg,321
dataset/Combined Dataset/train/ambulance/218819949.jpg,ambulance,218819949.jpg,322
dataset/Combined Dataset/train/ambulance/218820152.jpg,ambulance,218820152.jpg,323
dataset/Combined Dataset/train/ambulance/218825718.jpg,ambulance,218825718.jpg,324
dataset/Combined Dataset/train/ambulance/218852971.jpg,ambulance,218852971.jpg,325
dataset/Combined Dataset/train/ambulance/218868478.jpg,ambulance,218868478.jpg,326
dataset/Combined Dataset/train/ambulance/218916115.jpg,ambulance,218916115.jpg,327
dataset/Combined Dataset/train/ambulance/218966979.jpg,ambulance,218966979.jpg,328
dataset/Combined Dataset/train/ambulance/218967792.jpg,ambulance,218967792.jpg,329
dataset/Combined Dataset/train/ambulance/218975756.jpg,ambulance,218975756.jpg,330
dataset/Combined Dataset/train/ambulance/219006693.jpg,ambulance,219006693.jpg,331
dataset/Combined Dataset/train/ambulance/219020835.jpg,ambulance,219020835.jpg,332
dataset/Combined Dataset/train/ambulance/219023494.jpg,ambulance,219023494.jpg,333
dataset/Combined Dataset/train/ambulance/219025430.jpg,ambulance,219025430.jpg,334
dataset/Combined Dataset/train/ambulance/219035975.jpg,ambulance,219035975.jpg,335
dataset/Combined Dataset/train/ambulance/219036698.jpg,ambulance,219036698.jpg,336
dataset/Combined Dataset/train/ambulance/219046558.jpg,ambulance,219046558.jpg,337
dataset/Combined Dataset/train/ambulance/219046578.jpg,ambulance,219046578.jpg,338
dataset/Combined Dataset/train/ambulance/219048928.jpg,ambulance,219048928.jpg,339
dataset/Combined Dataset/train/ambulance/219058364.jpg,ambulance,219058364.jpg,340
dataset/Combined Dataset/train/ambulance/219063107.jpg,ambulance,219063107.jpg,341
dataset/Combined Dataset/train/ambulance/219077664.jpg,ambulance,219077664.jpg,342
dataset/Combined Dataset/train/ambulance/219078591.jpg,ambulance,219078591.jpg,343
dataset/Combined Dataset/train/ambulance/219090066.jpg,ambulance,219090066.jpg,344
dataset/Combined Dataset/train/ambulance/219103658.jpg,ambulance,219103658.jpg,345
dataset/Combined Dataset/train/ambulance/219110239.jpg,ambulance,219110239.jpg,346
dataset/Combined Dataset/train/ambulance/219123929.jpg,ambulance,219123929.jpg,347
dataset/Combined Dataset/train/autobus/193143598.jpg,autobus,193143598.jpg,348
dataset/Combined Dataset/train/autobus/193229239.jpg,autobus,193229239.jpg,349
dataset/Combined Dataset/train/autobus/193247490.jpg,autobus,193247490.jpg,350
dataset/Combined Dataset/train/autobus/193597587.jpg,autobus,193597587.jpg,351
dataset/Combined Dataset/train/autobus/193813673.jpg,autobus,193813673.jpg,352
dataset/Combined Dataset/train/autobus/193913981.jpg,autobus,193913981.jpg,353
dataset/Combined Dataset/train/autobus/193934570.jpg,autobus,193934570.jpg,354
dataset/Combined Dataset/train/autobus/193937509.jpg,autobus,193937509.jpg,355
dataset/Combined Dataset/train/autobus/194264789.jpg,autobus,194264789.jpg,356
dataset/Combined Dataset/train/autobus/194279229.jpg,autobus,194279229.jpg,357
dataset/Combined Dataset/train/autobus/194356888.jpg,autobus,194356888.jpg,358
dataset/Combined Dataset/train/autobus/194458934.jpg,autobus,194458934.jpg,359
dataset/Combined Dataset/train/autobus/194603835.jpg,autobus,194603835.jpg,360
dataset/Combined Dataset/train/autobus/194628481.jpg,autobus,194628481.jpg,361
dataset/Combined Dataset/train/autobus/195327944.jpg,autobus,195327944.jpg,362
dataset/Combined Dataset/train/autobus/195353874.jpg,autobus,195353874.jpg,363
dataset/Combined Dataset/train/autobus/195459397.jpg,autobus,195459397.jpg,364
dataset/Combined Dataset/train/autobus/195577230.jpg,autobus,195577230.jpg,365
dataset/Combined Dataset/train/autobus/195928852.jpg,autobus,195928852.jpg,366
dataset/Combined Dataset/train/autobus/195938542.jpg,autobus,195938542.jpg,367
dataset/Combined Dataset/train/autobus/196077431.jpg,autobus,196077431.jpg,368
dataset/Combined Dataset/train/autobus/196191533.jpg,autobus,196191533.jpg,369
dataset/Combined Dataset/train/autobus/196503008.jpg,autobus,196503008.jpg,370
dataset/Combined Dataset/train/autobus/196513999.jpg,autobus,196513999.jpg,371
dataset/Combined Dataset/train/autobus/196526860.jpg,autobus,196526860.jpg,372
dataset/Combined Dataset/train/autobus/196595859.jpg,autobus,196595859.jpg,373
dataset/Combined Dataset/train/autobus/196745624.jpg,autobus,196745624.jpg,374
dataset/Combined Dataset/train/autobus/197162771.jpg,autobus,197162771.jpg,375
dataset/Combined Dataset/train/autobus/197331533.jpg,autobus,197331533.jpg,376
dataset/Combined Dataset/train/autobus/197977992.jpg,autobus,197977992.jpg,377
dataset/Combined Dataset/train/autobus/198131550.jpg,autobus,198131550.jpg,378
dataset/Combined Dataset/train/autobus/198261344.jpg,autobus,198261344.jpg,379
dataset/Combined Dataset/train/autobus/198272507.jpg,autobus,198272507.jpg,380
dataset/Combined Dataset/train/autobus/198274798.jpg,autobus,198274798.jpg,381
dataset/Combined Dataset/train/autobus/198385240.jpg,autobus,198385240.jpg,382
dataset/Combined Dataset/train/autobus/198389317.jpg,autobus,198389317.jpg,383
dataset/Combined Dataset/train/autobus/198451326.jpg,autobus,198451326.jpg,384
dataset/Combined Dataset/train/autobus/198462591.jpg,autobus,198462591.jpg,385
dataset/Combined Dataset/train/autobus/198480054.jpg,autobus,198480054.jpg,386
dataset/Combined Dataset/train/autobus/198481791.jpg,autobus,198481791.jpg,387
dataset/Combined Dataset/train/autobus/198482481.jpg,autobus,198482481.jpg,388
dataset/Combined Dataset/train/autobus/198539778.jpg,autobus,198539778.jpg,389
dataset/Combined Dataset/train/autobus/198693556.jpg,autobus,198693556.jpg,390
dataset/Combined Dataset/train/autobus/198756999.jpg,autobus,198756999.jpg,391
dataset/Combined Dataset/train/autobus/199033958.jpg,autobus,199033958.jpg,392
dataset/Combined Dataset/train/autobus/199115928.jpg,autobus,199115928.jpg,393
dataset/Combined Dataset/train/autobus/199176140.jpg,autobus,199176140.jpg,394
dataset/Combined Dataset/train/autobus/199205393.jpg,autobus,199205393.jpg,395
dataset/Combined Dataset/train/autobus/199209846.jpg,autobus,199209846.jpg,396
dataset/Combined Dataset/train/autobus/199713076.jpg,autobus,199713076.jpg,397
dataset/Combined Dataset/train/autobus/199917107.jpg,autobus,199917107.jpg,398
dataset/Combined Dataset/train/autobus/199961601.jpg,autobus,199961601.jpg,399
dataset/Combined Dataset/train/autobus/199993161.jpg,autobus,199993161.jpg,400
dataset/Combined Dataset/train/autobus/200139637.jpg,autobus,200139637.jpg,401
dataset/Combined Dataset/train/autobus/200168649.jpg,autobus,200168649.jpg,402
dataset/Combined Dataset/train/autobus/200600907.jpg,autobus,200600907.jpg,403
dataset/Combined Dataset/train/autobus/200603886.jpg,autobus,200603886.jpg,404
dataset/Combined Dataset/train/autobus/200699667.jpg,autobus,200699667.jpg,405
dataset/Combined Dataset/train/autobus/201226148.jpg,autobus,201226148.jpg,406
dataset/Combined Dataset/train/autobus/202162316.jpg,autobus,202162316.jpg,407
dataset/Combined Dataset/train/autobus/203314263.jpg,autobus,203314263.jpg,408
dataset/Combined Dataset/train/autobus/205052162.jpg,autobus,205052162.jpg,409
dataset/Combined Dataset/train/autobus/205169590.jpg,autobus,205169590.jpg,410
dataset/Combined Dataset/train/autobus/205217960.jpg,autobus,205217960.jpg,411
dataset/Combined Dataset/train/autobus/205343679.jpg,autobus,205343679.jpg,412
dataset/Combined Dataset/train/autobus/205990197.jpg,autobus,205990197.jpg,413
dataset/Combined Dataset/train/autobus/208014403.jpg,autobus,208014403.jpg,414
dataset/Combined Dataset/train/autobus/208843464.jpg,autobus,208843464.jpg,415
dataset/Combined Dataset/train/autobus/208876395.jpg,autobus,208876395.jpg,416
dataset/Combined Dataset/train/autobus/209038128.jpg,autobus,209038128.jpg,417
dataset/Combined Dataset/train/autobus/209214397.jpg,autobus,209214397.jpg,418
dataset/Combined Dataset/train/autobus/209489102.jpg,autobus,209489102.jpg,419
dataset/Combined Dataset/train/autobus/209549928.jpg,autobus,209549928.jpg,420
dataset/Combined Dataset/train/autobus/210000620.jpg,autobus,210000620.jpg,421
dataset/Combined Dataset/train/autobus/210036680.jpg,autobus,210036680.jpg,422
dataset/Combined Dataset/train/autobus/210098742.jpg,autobus,210098742.jpg,423
dataset/Combined Dataset/train/autobus/210100636.jpg,autobus,210100636.jpg,424
dataset/Combined Dataset/train/autobus/210108251.jpg,autobus,210108251.jpg,425
dataset/Combined Dataset/train/autobus/210184901.jpg,autobus,210184901.jpg,426
dataset/Combined Dataset/train/autobus/210328665.jpg,autobus,210328665.jpg,427
dataset/Combined Dataset/train/autobus/210391171.jpg,autobus,210391171.jpg,428
dataset/Combined Dataset/train/autobus/210452880.jpg,autobus,210452880.jpg,429
dataset/Combined Dataset/train/autobus/210456615.jpg,autobus,210456615.jpg,430
dataset/Combined Dataset/train/autobus/210750784.jpg,autobus,210750784.jpg,431
dataset/Combined Dataset/train/autobus/210758346.jpg,autobus,210758346.jpg,432
dataset/Combined Dataset/train/autobus/210882256.jpg,autobus,210882256.jpg,433
dataset/Combined Dataset/train/autobus/210906540.jpg,autobus,210906540.jpg,434
dataset/Combined Dataset/train/autobus/210955520.jpg,autobus,210955520.jpg,435
dataset/Combined Dataset/train/autobus/211087357.jpg,autobus,211087357.jpg,436
dataset/Combined Dataset/train/autobus/211222927.jpg,autobus,211222927.jpg,437
dataset/Combined Dataset/train/autobus/211425528.jpg,autobus,211425528.jpg,438
dataset/Combined Dataset/train/autobus/211576935.jpg,autobus,211576935.jpg,439
dataset/Combined Dataset/train/autobus/211692128.jpg,autobus,211692128.jpg,440
dataset/Combined Dataset/train/autobus/211794766.jpg,autobus,211794766.jpg,441
dataset/Combined Dataset/train/autobus/211954710.jpg,autobus,211954710.jpg,442
dataset/Combined Dataset/train/autobus/212025778.jpg,autobus,212025778.jpg,443
dataset/Combined Dataset/train/autobus/212142265.jpg,autobus,212142265.jpg,444
dataset/Combined Dataset/train/autobus/212199633.jpg,autobus,212199633.jpg,445
dataset/Combined Dataset/train/autobus/212480288.jpg,autobus,212480288.jpg,446
dataset/Combined Dataset/train/autobus/212480589.jpg,autobus,212480589.jpg,447
dataset/Combined Dataset/train/autobus/212513253.jpg,autobus,212513253.jpg,448
dataset/Combined Dataset/train/autobus/212543172.jpg,autobus,212543172.jpg,449
dataset/Combined Dataset/train/autobus/212866341.jpg,autobus,212866341.jpg,450
dataset/Combined Dataset/train/autobus/212950745.jpg,autobus,212950745.jpg,451
dataset/Combined Dataset/train/autobus/213351498.jpg,autobus,213351498.jpg,452
dataset/Combined Dataset/train/autobus/213387462.jpg,autobus,213387462.jpg,453
dataset/Combined Dataset/train/autobus/213441216.jpg,autobus,213441216.jpg,454
dataset/Combined Dataset/train/autobus/213497548.jpg,autobus,213497548.jpg,455
dataset/Combined Dataset/train/autobus/213512673.jpg,autobus,213512673.jpg,456
dataset/Combined Dataset/train/autobus/213538203.jpg,autobus,213538203.jpg,457
dataset/Combined Dataset/train/autobus/213633279.jpg,autobus,213633279.jpg,458
dataset/Combined Dataset/train/autobus/213748478.jpg,autobus,213748478.jpg,459
dataset/Combined Dataset/train/autobus/213843804.jpg,autobus,213843804.jpg,460
dataset/Combined Dataset/train/autobus/213844436.jpg,autobus,213844436.jpg,461
dataset/Combined Dataset/train/autobus/214177928.jpg,autobus,214177928.jpg,462
dataset/Combined Dataset/train/autobus/214187028.jpg,autobus,214187028.jpg,463
dataset/Combined Dataset/train/autobus/214366235.jpg,autobus,214366235.jpg,464
dataset/Combined Dataset/train/autobus/214366241.jpg,autobus,214366241.jpg,465
dataset/Combined Dataset/train/autobus/214398398.jpg,autobus,214398398.jpg,466
dataset/Combined Dataset/train/autobus/214524163.jpg,autobus,214524163.jpg,467
dataset/Combined Dataset/train/autobus/214543193.jpg,autobus,214543193.jpg,468
dataset/Combined Dataset/train/autobus/214619456.jpg,autobus,214619456.jpg,469
dataset/Combined Dataset/train/autobus/214640760.jpg,autobus,214640760.jpg,470
dataset/Combined Dataset/train/autobus/214708296.jpg,autobus,214708296.jpg,471
dataset/Combined Dataset/train/autobus/214742657.jpg,autobus,214742657.jpg,472
dataset/Combined Dataset/train/autobus/214743978.jpg,autobus,214743978.jpg,473
dataset/Combined Dataset/train/autobus/214775316.jpg,autobus,214775316.jpg,474
dataset/Combined Dataset/train/autobus/214778708.jpg,autobus,214778708.jpg,475
dataset/Combined Dataset/train/autobus/214799092.jpg,autobus,214799092.jpg,476
dataset/Combined Dataset/train/autobus/214839567.jpg,autobus,214839567.jpg,477
dataset/Combined Dataset/train/autobus/215033304.jpg,autobus,215033304.jpg,478
dataset/Combined Dataset/train/autobus/215062637.jpg,autobus,215062637.jpg,479
dataset/Combined Dataset/train/autobus/215071661.jpg,autobus,215071661.jpg,480
dataset/Combined Dataset/train/autobus/215105897.jpg,autobus,215105897.jpg,481
dataset/Combined Dataset/train/autobus/215123839.jpg,autobus,215123839.jpg,482
dataset/Combined Dataset/train/autobus/215129619.jpg,autobus,215129619.jpg,483
dataset/Combined Dataset/train/autobus/215151704.jpg,autobus,215151704.jpg,484
dataset/Combined Dataset/train/autobus/215161403.jpg,autobus,215161403.jpg,485
dataset/Combined Dataset/train/autobus/215186162.jpg,autobus,215186162.jpg,486
dataset/Combined Dataset/train/autobus/215321465.jpg,autobus,215321465.jpg,487
dataset/Combined Dataset/train/autobus/215468137.jpg,autobus,215468137.jpg,488
dataset/Combined Dataset/train/autobus/215504509.jpg,autobus,215504509.jpg,489
dataset/Combined Dataset/train/autobus/215521655.jpg,autobus,215521655.jpg,490
dataset/Combined Dataset/train/autobus/215551069.jpg,autobus,215551069.jpg,491
dataset/Combined Dataset/train/autobus/215573481.jpg,autobus,215573481.jpg,492
dataset/Combined Dataset/train/autobus/215587537.jpg,autobus,215587537.jpg,493
dataset/Combined Dataset/train/autobus/215604362.jpg,autobus,215604362.jpg,494
dataset/Combined Dataset/train/autobus/215642404.jpg,autobus,215642404.jpg,495
dataset/Combined Dataset/train/autobus/215646286.jpg,autobus,215646286.jpg,496
dataset/Combined Dataset/train/autobus/215647197.jpg,autobus,215647197.jpg,497
dataset/Combined Dataset/train/autobus/215655037.jpg,autobus,215655037.jpg,498
dataset/Combined Dataset/train/autobus/215674095.jpg,autobus,215674095.jpg,499
dataset/Combined Dataset/train/autobus/215679623.jpg,autobus,215679623.jpg,500
dataset/Combined Dataset/train/autobus/215685399.jpg,autobus,215685399.jpg,501
dataset/Combined Dataset/train/autobus/215686284.jpg,autobus,215686284.jpg,502
dataset/Combined Dataset/train/autobus/215687278.jpg,autobus,215687278.jpg,503
dataset/Combined Dataset/train/autobus/215700578.jpg,autobus,215700578.jpg,504
dataset/Combined Dataset/train/autobus/215710303.jpg,autobus,215710303.jpg,505
dataset/Combined Dataset/train/autobus/215710729.jpg,autobus,215710729.jpg,506
dataset/Combined Dataset/train/autobus/215713565.jpg,autobus,215713565.jpg,507
dataset/Combined Dataset/train/autobus/215752917.jpg,autobus,215752917.jpg,508
dataset/Combined Dataset/train/autobus/215769366.jpg,autobus,215769366.jpg,509
dataset/Combined Dataset/train/autobus/215792010.jpg,autobus,215792010.jpg,510
dataset/Combined Dataset/train/autobus/215821118.jpg,autobus,215821118.jpg,560
dataset/Combined Dataset/train/autobus/215825621.jpg,autobus,215825621.jpg,512
dataset/Combined Dataset/train/autobus/215825639.jpg,autobus,215825639.jpg,513
dataset/Combined Dataset/train/autobus/215825871.jpg,autobus,215825871.jpg,514
dataset/Combined Dataset/train/autobus/215829949.jpg,autobus,215829949.jpg,515
dataset/Combined Dataset/train/autobus/215831614.jpg,autobus,215831614.jpg,516
dataset/Combined Dataset/train/autobus/215856085.jpg,autobus,215856085.jpg,517
dataset/Combined Dataset/train/autobus/215856791.jpg,autobus,215856791.jpg,518
dataset/Combined Dataset/train/autobus/215865757.jpg,autobus,215865757.jpg,519
dataset/Combined Dataset/train/autobus/215865900.jpg,autobus,215865900.jpg,520
dataset/Combined Dataset/train/autobus/215872433.jpg,autobus,215872433.jpg,521
dataset/Combined Dataset/train/autobus/215893121.jpg,autobus,215893121.jpg,522
dataset/Combined Dataset/train/autobus/215918108.jpg,autobus,215918108.jpg,523
dataset/Combined Dataset/train/autobus/215943907.jpg,autobus,215943907.jpg,524
dataset/Combined Dataset/train/autobus/215950476.jpg,autobus,215950476.jpg,525
dataset/Combined Dataset/train/autobus/215976846.jpg,autobus,215976846.jpg,526
dataset/Combined Dataset/train/autobus/215981206.jpg,autobus,215981206.jpg,527
dataset/Combined Dataset/train/autobus/215984332.jpg,autobus,215984332.jpg,528
dataset/Combined Dataset/train/autobus/215989839.jpg,autobus,215989839.jpg,529
dataset/Combined Dataset/train/autobus/215992943.jpg,autobus,215992943.jpg,543
dataset/Combined Dataset/train/autobus/215993552.jpg,autobus,215993552.jpg,531
dataset/Combined Dataset/train/autobus/215999914.jpg,autobus,215999914.jpg,457
dataset/Combined Dataset/train/autobus/216010159.jpg,autobus,216010159.jpg,533
dataset/Combined Dataset/train/autobus/216013650.jpg,autobus,216013650.jpg,534
dataset/Combined Dataset/train/autobus/216016488.jpg,autobus,216016488.jpg,535
dataset/Combined Dataset/train/autobus/216021441.jpg,autobus,216021441.jpg,536
dataset/Combined Dataset/train/autobus/216022475.jpg,autobus,216022475.jpg,537
dataset/Combined Dataset/train/autobus/216034928.jpg,autobus,216034928.jpg,538
dataset/Combined Dataset/train/autobus/216037448.jpg,autobus,216037448.jpg,539
dataset/Combined Dataset/train/autobus/216041425.jpg,autobus,216041425.jpg,540
dataset/Combined Dataset/train/autobus/216060637.jpg,autobus,216060637.jpg,541
dataset/Combined Dataset/train/autobus/216064635.jpg,autobus,216064635.jpg,542
dataset/Combined Dataset/train/autobus/216066402.jpg,autobus,216066402.jpg,543
dataset/Combined Dataset/train/autobus/216072125.jpg,autobus,216072125.jpg,544
dataset/Combined Dataset/train/autobus/216079914.jpg,autobus,216079914.jpg,545
dataset/Combined Dataset/train/autobus/216084543.jpg,autobus,216084543.jpg,546
dataset/Combined Dataset/train/autobus/216086020.jpg,autobus,216086020.jpg,547
dataset/Combined Dataset/train/autobus/216086152.jpg,autobus,216086152.jpg,548
dataset/Combined Dataset/train/autobus/216086604.jpg,autobus,216086604.jpg,549
dataset/Combined Dataset/train/autobus/216087654.jpg,autobus,216087654.jpg,550
dataset/Combined Dataset/train/autobus/216103002.jpg,autobus,216103002.jpg,551
dataset/Combined Dataset/train/autobus/216114758.jpg,autobus,216114758.jpg,552
dataset/Combined Dataset/train/autobus/216141785.jpg,autobus,216141785.jpg,553
dataset/Combined Dataset/train/autobus/216143998.jpg,autobus,216143998.jpg,554
dataset/Combined Dataset/train/autobus/216158622.jpg,autobus,216158622.jpg,555
dataset/Combined Dataset/train/autobus/216159953.jpg,autobus,216159953.jpg,556
dataset/Combined Dataset/train/autobus/216162374.jpg,autobus,216162374.jpg,557
dataset/Combined Dataset/train/autobus/216169980.jpg,autobus,216169980.jpg,558
dataset/Combined Dataset/train/autobus/216171296.jpg,autobus,216171296.jpg,559
dataset/Combined Dataset/train/autobus/216176130.jpg,autobus,216176130.jpg,560
dataset/Combined Dataset/train/autobus/216198078.jpg,autobus,216198078.jpg,561
dataset/Combined Dataset/train/autobus/216237770.jpg,autobus,216237770.jpg,562
dataset/Combined Dataset/train/autobus/216240222.jpg,autobus,216240222.jpg,563
dataset/Combined Dataset/train/autobus/216240847.jpg,autobus,216240847.jpg,564
dataset/Combined Dataset/train/autobus/216256289.jpg,autobus,216256289.jpg,565
dataset/Combined Dataset/train/autobus/216261915.jpg,autobus,216261915.jpg,566
dataset/Combined Dataset/train/autobus/216262792.jpg,autobus,216262792.jpg,567
dataset/Combined Dataset/train/autobus/216264423.jpg,autobus,216264423.jpg,568
dataset/Combined Dataset/train/autobus/216265509.jpg,autobus,216265509.jpg,569
dataset/Combined Dataset/train/autobus/216269810.jpg,autobus,216269810.jpg,459
dataset/Combined Dataset/train/autobus/216273878.jpg,autobus,216273878.jpg,571
dataset/Combined Dataset/train/autobus/216275103.jpg,autobus,216275103.jpg,572
dataset/Combined Dataset/train/autobus/216277099.jpg,autobus,216277099.jpg,483
dataset/Combined Dataset/train/autobus/216279911.jpg,autobus,216279911.jpg,574
dataset/Combined Dataset/train/autobus/216282397.jpg,autobus,216282397.jpg,575
dataset/Combined Dataset/train/autobus/216283106.jpg,autobus,216283106.jpg,576
dataset/Combined Dataset/train/autobus/216293919.jpg,autobus,216293919.jpg,577
dataset/Combined Dataset/train/autobus/216318824.jpg,autobus,216318824.jpg,578
dataset/Combined Dataset/train/autobus/216322942.jpg,autobus,216322942.jpg,579
dataset/Combined Dataset/train/autobus/216324107.jpg,autobus,216324107.jpg,580
dataset/Combined Dataset/train/autobus/216328773.jpg,autobus,216328773.jpg,581
dataset/Combined Dataset/train/autobus/216357066.jpg,autobus,216357066.jpg,582
dataset/Combined Dataset/train/autobus/216357327.jpg,autobus,216357327.jpg,583
dataset/Combined Dataset/train/autobus/216360643.jpg,autobus,216360643.jpg,584
dataset/Combined Dataset/train/autobus/216410090.jpg,autobus,216410090.jpg,585
dataset/Combined Dataset/train/autobus/216412255.jpg,autobus,216412255.jpg,586
dataset/Combined Dataset/train/autobus/216421304.jpg,autobus,216421304.jpg,587
dataset/Combined Dataset/train/autobus/216423047.jpg,autobus,216423047.jpg,588
dataset/Combined Dataset/train/autobus/216426389.jpg,autobus,216426389.jpg,589
dataset/Combined Dataset/train/autobus/216449385.jpg,autobus,216449385.jpg,590
dataset/Combined Dataset/train/autobus/216460431.jpg,autobus,216460431.jpg,591
dataset/Combined Dataset/train/autobus/216485879.jpg,autobus,216485879.jpg,592
dataset/Combined Dataset/train/autobus/216495787.jpg,autobus,216495787.jpg,593
dataset/Combined Dataset/train/autobus/216539622.jpg,autobus,216539622.jpg,594
dataset/Combined Dataset/train/autobus/216551484.jpg,autobus,216551484.jpg,595
dataset/Combined Dataset/train/autobus/216551896.jpg,autobus,216551896.jpg,596
dataset/Combined Dataset/train/autobus/216559230.jpg,autobus,216559230.jpg,597
dataset/Combined Dataset/train/autobus/216560648.jpg,autobus,216560648.jpg,598
dataset/Combined Dataset/train/autobus/216573141.jpg,autobus,216573141.jpg,599
dataset/Combined Dataset/train/autobus/216575324.jpg,autobus,216575324.jpg,600
dataset/Combined Dataset/train/autobus/216583468.jpg,autobus,216583468.jpg,601
dataset/Combined Dataset/train/autobus/216588181.jpg,autobus,216588181.jpg,602
dataset/Combined Dataset/train/autobus/216594094.jpg,autobus,216594094.jpg,603
dataset/Combined Dataset/train/autobus/216623717.jpg,autobus,216623717.jpg,478
dataset/Combined Dataset/train/autobus/216637123.jpg,autobus,216637123.jpg,605
dataset/Combined Dataset/train/autobus/216639197.jpg,autobus,216639197.jpg,606
dataset/Combined Dataset/train/autobus/216649816.jpg,autobus,216649816.jpg,607
dataset/Combined Dataset/train/autobus/216652655.jpg,autobus,216652655.jpg,608
dataset/Combined Dataset/train/autobus/216658438.jpg,autobus,216658438.jpg,609
dataset/Combined Dataset/train/autobus/216664450.jpg,autobus,216664450.jpg,610
dataset/Combined Dataset/train/autobus/216684204.jpg,autobus,216684204.jpg,611
dataset/Combined Dataset/train/autobus/216709950.jpg,autobus,216709950.jpg,612
dataset/Combined Dataset/train/autobus/216714407.jpg,autobus,216714407.jpg,613
dataset/Combined Dataset/train/autobus/216720717.jpg,autobus,216720717.jpg,614
dataset/Combined Dataset/train/autobus/216729767.jpg,autobus,216729767.jpg,566
dataset/Combined Dataset/train/autobus/216732326.jpg,autobus,216732326.jpg,616
dataset/Combined Dataset/train/autobus/216733258.jpg,autobus,216733258.jpg,617
dataset/Combined Dataset/train/autobus/216735885.jpg,autobus,216735885.jpg,618
dataset/Combined Dataset/train/autobus/216735981.jpg,autobus,216735981.jpg,619
dataset/Combined Dataset/train/autobus/216760038.jpg,autobus,216760038.jpg,620
dataset/Combined Dataset/train/autobus/216775502.jpg,autobus,216775502.jpg,621
dataset/Combined Dataset/train/autobus/216782041.jpg,autobus,216782041.jpg,455
dataset/Combined Dataset/train/autobus/216797527.jpg,autobus,216797527.jpg,623
dataset/Combined Dataset/train/autobus/216797653.jpg,autobus,216797653.jpg,547
dataset/Combined Dataset/train/autobus/216797922.jpg,autobus,216797922.jpg,625
dataset/Combined Dataset/train/autobus/216799890.jpg,autobus,216799890.jpg,626
dataset/Combined Dataset/train/autobus/216815620.jpg,autobus,216815620.jpg,627
dataset/Combined Dataset/train/autobus/216847640.jpg,autobus,216847640.jpg,628
dataset/Combined Dataset/train/autobus/216850693.jpg,autobus,216850693.jpg,629
dataset/Combined Dataset/train/autobus/216859234.jpg,autobus,216859234.jpg,630
dataset/Combined Dataset/train/autobus/216864238.jpg,autobus,216864238.jpg,631
dataset/Combined Dataset/train/autobus/216865540.jpg,autobus,216865540.jpg,560
dataset/Combined Dataset/train/autobus/216867892.jpg,autobus,216867892.jpg,633
dataset/Combined Dataset/train/autobus/216869309.jpg,autobus,216869309.jpg,634
dataset/Combined Dataset/train/autobus/216870701.jpg,autobus,216870701.jpg,635
dataset/Combined Dataset/train/autobus/216875964.jpg,autobus,216875964.jpg,636
dataset/Combined Dataset/train/autobus/216913762.jpg,autobus,216913762.jpg,637
dataset/Combined Dataset/train/autobus/216917990.jpg,autobus,216917990.jpg,638
dataset/Combined Dataset/train/autobus/216926734.jpg,autobus,216926734.jpg,639
dataset/Combined Dataset/train/autobus/216933271.jpg,autobus,216933271.jpg,640
dataset/Combined Dataset/train/autobus/216939494.jpg,autobus,216939494.jpg,641
dataset/Combined Dataset/train/autobus/216946113.jpg,autobus,216946113.jpg,642
dataset/Combined Dataset/train/autobus/216946438.jpg,autobus,216946438.jpg,643
dataset/Combined Dataset/train/autobus/216947005.jpg,autobus,216947005.jpg,644
dataset/Combined Dataset/train/autobus/216947203.jpg,autobus,216947203.jpg,645
dataset/Combined Dataset/train/autobus/216947535.jpg,autobus,216947535.jpg,646
dataset/Combined Dataset/train/autobus/216948140.jpg,autobus,216948140.jpg,647
dataset/Combined Dataset/train/autobus/216977351.jpg,autobus,216977351.jpg,648
dataset/Combined Dataset/train/autobus/217002020.jpg,autobus,217002020.jpg,649
dataset/Combined Dataset/train/autobus/217005583.jpg,autobus,217005583.jpg,650
dataset/Combined Dataset/train/autobus/217007082.jpg,autobus,217007082.jpg,651
dataset/Combined Dataset/train/autobus/217007978.jpg,autobus,217007978.jpg,652
dataset/Combined Dataset/train/autobus/217008884.jpg,autobus,217008884.jpg,653
dataset/Combined Dataset/train/autobus/217011802.jpg,autobus,217011802.jpg,654
dataset/Combined Dataset/train/autobus/217040529.jpg,autobus,217040529.jpg,655
dataset/Combined Dataset/train/autobus/217056270.jpg,autobus,217056270.jpg,656
dataset/Combined Dataset/train/autobus/217071340.jpg,autobus,217071340.jpg,657
dataset/Combined Dataset/train/autobus/217094566.jpg,autobus,217094566.jpg,658
dataset/Combined Dataset/train/autobus/217116492.jpg,autobus,217116492.jpg,659
dataset/Combined Dataset/train/autobus/217131284.jpg,autobus,217131284.jpg,660
dataset/Combined Dataset/train/autobus/217140059.jpg,autobus,217140059.jpg,661
dataset/Combined Dataset/train/autobus/217145661.jpg,autobus,217145661.jpg,662
dataset/Combined Dataset/train/autobus/217153827.jpg,autobus,217153827.jpg,663
dataset/Combined Dataset/train/autobus/217199412.jpg,autobus,217199412.jpg,664
dataset/Combined Dataset/train/autobus/217200065.jpg,autobus,217200065.jpg,665
dataset/Combined Dataset/train/autobus/217207859.jpg,autobus,217207859.jpg,666
dataset/Combined Dataset/train/autobus/217252048.jpg,autobus,217252048.jpg,667
dataset/Combined Dataset/train/autobus/217405807.jpg,autobus,217405807.jpg,668
dataset/Combined Dataset/train/autobus/217413615.jpg,autobus,217413615.jpg,669
dataset/Combined Dataset/train/autobus/217414585.jpg,autobus,217414585.jpg,670
dataset/Combined Dataset/train/autobus/217420553.jpg,autobus,217420553.jpg,671
dataset/Combined Dataset/train/autobus/217427229.jpg,autobus,217427229.jpg,672
dataset/Combined Dataset/train/autobus/217431762.jpg,autobus,217431762.jpg,673
dataset/Combined Dataset/train/autobus/217564030.jpg,autobus,217564030.jpg,674
dataset/Combined Dataset/train/autobus/217619978.jpg,autobus,217619978.jpg,675
dataset/Combined Dataset/train/autobus/217672139.jpg,autobus,217672139.jpg,676
dataset/Combined Dataset/train/autobus/217713976.jpg,autobus,217713976.jpg,677
dataset/Combined Dataset/train/autobus/217734773.jpg,autobus,217734773.jpg,678
dataset/Combined Dataset/train/autobus/217735260.jpg,autobus,217735260.jpg,679
dataset/Combined Dataset/train/autobus/217768428.jpg,autobus,217768428.jpg,680
dataset/Combined Dataset/train/autobus/217769175.jpg,autobus,217769175.jpg,681
dataset/Combined Dataset/train/autobus/217780130.jpg,autobus,217780130.jpg,682
dataset/Combined Dataset/train/autobus/217784847.jpg,autobus,217784847.jpg,683
dataset/Combined Dataset/train/autobus/217791047.jpg,autobus,217791047.jpg,684
dataset/Combined Dataset/train/autobus/217852671.jpg,autobus,217852671.jpg,685
dataset/Combined Dataset/train/autobus/217891763.jpg,autobus,217891763.jpg,686
dataset/Combined Dataset/train/autobus/217891887.jpg,autobus,217891887.jpg,687
dataset/Combined Dataset/train/autobus/217892348.jpg,autobus,217892348.jpg,688
dataset/Combined Dataset/train/autobus/217893775.jpg,autobus,217893775.jpg,543
dataset/Combined Dataset/train/autobus/217916961.jpg,autobus,217916961.jpg,690
dataset/Combined Dataset/train/autobus/217923117.jpg,autobus,217923117.jpg,691
dataset/Combined Dataset/train/autobus/217924220.jpg,autobus,217924220.jpg,692
dataset/Combined Dataset/train/autobus/217925813.jpg,autobus,217925813.jpg,693
dataset/Combined Dataset/train/autobus/217930382.jpg,autobus,217930382.jpg,694
dataset/Combined Dataset/train/autobus/217932299.jpg,autobus,217932299.jpg,695
dataset/Combined Dataset/train/autobus/217947174.jpg,autobus,217947174.jpg,696
dataset/Combined Dataset/train/autobus/217971815.jpg,autobus,217971815.jpg,697
dataset/Combined Dataset/train/autobus/217976090.jpg,autobus,217976090.jpg,698
dataset/Combined Dataset/train/autobus/217979622.jpg,autobus,217979622.jpg,545
dataset/Combined Dataset/train/autobus/217992551.jpg,autobus,217992551.jpg,700
dataset/Combined Dataset/train/autobus/217994375.jpg,autobus,217994375.jpg,701
dataset/Combined Dataset/train/autobus/217999167.jpg,autobus,217999167.jpg,702
dataset/Combined Dataset/train/autobus/217999361.jpg,autobus,217999361.jpg,703
dataset/Combined Dataset/train/autobus/217999498.jpg,autobus,217999498.jpg,634
dataset/Combined Dataset/train/autobus/218000072.jpg,autobus,218000072.jpg,705
dataset/Combined Dataset/train/autobus/218010594.jpg,autobus,218010594.jpg,706
dataset/Combined Dataset/train/autobus/218020051.jpg,autobus,218020051.jpg,707
dataset/Combined Dataset/train/autobus/218028529.jpg,autobus,218028529.jpg,708
dataset/Combined Dataset/train/autobus/218028985.jpg,autobus,218028985.jpg,709
dataset/Combined Dataset/train/autobus/218041355.jpg,autobus,218041355.jpg,710
dataset/Combined Dataset/train/autobus/218042517.jpg,autobus,218042517.jpg,711
dataset/Combined Dataset/train/autobus/218048879.jpg,autobus,218048879.jpg,712
dataset/Combined Dataset/train/autobus/218060093.jpg,autobus,218060093.jpg,713
dataset/Combined Dataset/train/autobus/218060991.jpg,autobus,218060991.jpg,714
dataset/Combined Dataset/train/autobus/218080642.jpg,autobus,218080642.jpg,715
dataset/Combined Dataset/train/autobus/218088953.jpg,autobus,218088953.jpg,716
dataset/Combined Dataset/train/autobus/218182608.jpg,autobus,218182608.jpg,717
dataset/Combined Dataset/train/autobus/218187113.jpg,autobus,218187113.jpg,718
dataset/Combined Dataset/train/autobus/218199792.jpg,autobus,218199792.jpg,719
dataset/Combined Dataset/train/autobus/218206926.jpg,autobus,218206926.jpg,720
dataset/Combined Dataset/train/autobus/218208038.jpg,autobus,218208038.jpg,721
dataset/Combined Dataset/train/autobus/218214929.jpg,autobus,218214929.jpg,722
dataset/Combined Dataset/train/autobus/218220108.jpg,autobus,218220108.jpg,723
dataset/Combined Dataset/train/autobus/218265944.jpg,autobus,218265944.jpg,724
dataset/Combined Dataset/train/autobus/218267459.jpg,autobus,218267459.jpg,725
dataset/Combined Dataset/train/autobus/218283778.jpg,autobus,218283778.jpg,726
dataset/Combined Dataset/train/autobus/218286526.jpg,autobus,218286526.jpg,727
dataset/Combined Dataset/train/autobus/218293611.jpg,autobus,218293611.jpg,728
dataset/Combined Dataset/train/autobus/218333729.jpg,autobus,218333729.jpg,729
dataset/Combined Dataset/train/autobus/218337345.jpg,autobus,218337345.jpg,730
dataset/Combined Dataset/train/autobus/218374242.jpg,autobus,218374242.jpg,731
dataset/Combined Dataset/train/autobus/218375514.jpg,autobus,218375514.jpg,732
dataset/Combined Dataset/train/autobus/218384939.jpg,autobus,218384939.jpg,733
dataset/Combined Dataset/train/autobus/218398681.jpg,autobus,218398681.jpg,734
dataset/Combined Dataset/train/autobus/218405590.jpg,autobus,218405590.jpg,735
dataset/Combined Dataset/train/autobus/218405806.jpg,autobus,218405806.jpg,736
dataset/Combined Dataset/train/autobus/218417318.jpg,autobus,218417318.jpg,737
dataset/Combined Dataset/train/autobus/218426058.jpg,autobus,218426058.jpg,738
dataset/Combined Dataset/train/autobus/218429535.jpg,autobus,218429535.jpg,739
dataset/Combined Dataset/train/autobus/218434288.jpg,autobus,218434288.jpg,740
dataset/Combined Dataset/train/autobus/218485526.jpg,autobus,218485526.jpg,741
dataset/Combined Dataset/train/autobus/218486197.jpg,autobus,218486197.jpg,742
dataset/Combined Dataset/train/autobus/218505266.jpg,autobus,218505266.jpg,743
dataset/Combined Dataset/train/autobus/218540163.jpg,autobus,218540163.jpg,744
dataset/Combined Dataset/train/autobus/218544249.jpg,autobus,218544249.jpg,745
dataset/Combined Dataset/train/autobus/218564482.jpg,autobus,218564482.jpg,746
dataset/Combined Dataset/train/autobus/218575882.jpg,autobus,218575882.jpg,747
dataset/Combined Dataset/train/autobus/218595025.jpg,autobus,218595025.jpg,748
dataset/Combined Dataset/train/autobus/218619004.jpg,autobus,218619004.jpg,749
dataset/Combined Dataset/train/autobus/218625583.jpg,autobus,218625583.jpg,543
dataset/Combined Dataset/train/autobus/218626877.jpg,autobus,218626877.jpg,751
dataset/Combined Dataset/train/autobus/218634883.jpg,autobus,218634883.jpg,752
dataset/Combined Dataset/train/autobus/218637584.jpg,autobus,218637584.jpg,753
dataset/Combined Dataset/train/autobus/218643529.jpg,autobus,218643529.jpg,754
dataset/Combined Dataset/train/autobus/218658621.jpg,autobus,218658621.jpg,755
dataset/Combined Dataset/train/autobus/218667916.jpg,autobus,218667916.jpg,756
dataset/Combined Dataset/train/autobus/218688301.jpg,autobus,218688301.jpg,757
dataset/Combined Dataset/train/autobus/218691159.jpg,autobus,218691159.jpg,758
dataset/Combined Dataset/train/autobus/218700576.jpg,autobus,218700576.jpg,759
dataset/Combined Dataset/train/autobus/218703717.jpg,autobus,218703717.jpg,760
dataset/Combined Dataset/train/autobus/218705074.jpg,autobus,218705074.jpg,761
dataset/Combined Dataset/train/autobus/218707877.jpg,autobus,218707877.jpg,762
dataset/Combined Dataset/train/autobus/218710860.jpg,autobus,218710860.jpg,763
dataset/Combined Dataset/train/autobus/218712334.jpg,autobus,218712334.jpg,764
dataset/Combined Dataset/train/autobus/218725809.jpg,autobus,218725809.jpg,765
dataset/Combined Dataset/train/autobus/218729799.jpg,autobus,218729799.jpg,766
dataset/Combined Dataset/train/autobus/218729996.jpg,autobus,218729996.jpg,767
dataset/Combined Dataset/train/autobus/218732478.jpg,autobus,218732478.jpg,768
dataset/Combined Dataset/train/autobus/218737303.jpg,autobus,218737303.jpg,769
dataset/Combined Dataset/train/autobus/218737467.jpg,autobus,218737467.jpg,770
dataset/Combined Dataset/train/autobus/218751068.jpg,autobus,218751068.jpg,771
dataset/Combined Dataset/train/autobus/218754987.jpg,autobus,218754987.jpg,772
dataset/Combined Dataset/train/autobus/218755990.jpg,autobus,218755990.jpg,773
dataset/Combined Dataset/train/autobus/218757064.jpg,autobus,218757064.jpg,774
dataset/Combined Dataset/train/autobus/218767971.jpg,autobus,218767971.jpg,775
dataset/Combined Dataset/train/autobus/218778454.jpg,autobus,218778454.jpg,776
dataset/Combined Dataset/train/autobus/218783127.jpg,autobus,218783127.jpg,777
dataset/Combined Dataset/train/autobus/218787299.jpg,autobus,218787299.jpg,778
dataset/Combined Dataset/train/autobus/218800911.jpg,autobus,218800911.jpg,779
dataset/Combined Dataset/train/autobus/218833342.jpg,autobus,218833342.jpg,780
dataset/Combined Dataset/train/autobus/218858569.jpg,autobus,218858569.jpg,781
dataset/Combined Dataset/train/autobus/218875399.jpg,autobus,218875399.jpg,782
dataset/Combined Dataset/train/autobus/218884742.jpg,autobus,218884742.jpg,783
dataset/Combined Dataset/train/autobus/218900005.jpg,autobus,218900005.jpg,784
dataset/Combined Dataset/train/autobus/218903278.jpg,autobus,218903278.jpg,785
dataset/Combined Dataset/train/autobus/218905236.jpg,autobus,218905236.jpg,786
dataset/Combined Dataset/train/autobus/218905897.jpg,autobus,218905897.jpg,787
dataset/Combined Dataset/train/autobus/218906989.jpg,autobus,218906989.jpg,788
dataset/Combined Dataset/train/autobus/218907601.jpg,autobus,218907601.jpg,789
dataset/Combined Dataset/train/autobus/218908275.jpg,autobus,218908275.jpg,790
dataset/Combined Dataset/train/autobus/218908823.jpg,autobus,218908823.jpg,791
dataset/Combined Dataset/train/autobus/218915919.jpg,autobus,218915919.jpg,792
dataset/Combined Dataset/train/autobus/218932432.jpg,autobus,218932432.jpg,793
dataset/Combined Dataset/train/autobus/218932712.jpg,autobus,218932712.jpg,794
dataset/Combined Dataset/train/autobus/218933062.jpg,autobus,218933062.jpg,795
dataset/Combined Dataset/train/autobus/218936050.jpg,autobus,218936050.jpg,796
dataset/Combined Dataset/train/autobus/218939231.jpg,autobus,218939231.jpg,797
dataset/Combined Dataset/train/autobus/218952897.jpg,autobus,218952897.jpg,649
dataset/Combined Dataset/train/autobus/218955741.jpg,autobus,218955741.jpg,799
dataset/Combined Dataset/train/autobus/218959354.jpg,autobus,218959354.jpg,800
dataset/Combined Dataset/train/autobus/218962057.jpg,autobus,218962057.jpg,801
dataset/Combined Dataset/train/autobus/218964750.jpg,autobus,218964750.jpg,802
dataset/Combined Dataset/train/autobus/218988618.jpg,autobus,218988618.jpg,803
dataset/Combined Dataset/train/autobus/218993616.jpg,autobus,218993616.jpg,804
dataset/Combined Dataset/train/autobus/218993999.jpg,autobus,218993999.jpg,805
dataset/Combined Dataset/train/autobus/219027510.jpg,autobus,219027510.jpg,543
dataset/Combined Dataset/train/autobus/219055285.jpg,autobus,219055285.jpg,807
dataset/Combined Dataset/train/autobus/219067267.jpg,autobus,219067267.jpg,808
dataset/Combined Dataset/train/autobus/219073679.jpg,autobus,219073679.jpg,809
dataset/Combined Dataset/train/autobus/219113041.jpg,autobus,219113041.jpg,810
dataset/Combined Dataset/train/kamyun/192927834.jpg,kamyun,192927834.jpg,811
dataset/Combined Dataset/train/kamyun/193072517.jpg,kamyun,193072517.jpg,812
dataset/Combined Dataset/train/kamyun/193873079.jpg,kamyun,193873079.jpg,813
dataset/Combined Dataset/train/kamyun/194253735.jpg,kamyun,194253735.jpg,814
dataset/Combined Dataset/train/kamyun/194260628.jpg,kamyun,194260628.jpg,815
dataset/Combined Dataset/train/kamyun/194280486.jpg,kamyun,194280486.jpg,816
dataset/Combined Dataset/train/kamyun/194484076.jpg,kamyun,194484076.jpg,817
dataset/Combined Dataset/train/kamyun/195660529.jpg,kamyun,195660529.jpg,818
dataset/Combined Dataset/train/kamyun/196424170.jpg,kamyun,196424170.jpg,819
dataset/Combined Dataset/train/kamyun/196530974.jpg,kamyun,196530974.jpg,820
dataset/Combined Dataset/train/kamyun/196943134.jpg,kamyun,196943134.jpg,821
dataset/Combined Dataset/train/kamyun/197116035.jpg,kamyun,197116035.jpg,822
dataset/Combined Dataset/train/kamyun/197346827.jpg,kamyun,197346827.jpg,823
dataset/Combined Dataset/train/kamyun/197654108.jpg,kamyun,197654108.jpg,824
dataset/Combined Dataset/train/kamyun/198086630.jpg,kamyun,198086630.jpg,825
dataset/Combined Dataset/train/kamyun/198181313.jpg,kamyun,198181313.jpg,826
dataset/Combined Dataset/train/kamyun/198248492.jpg,kamyun,198248492.jpg,827
dataset/Combined Dataset/train/kamyun/198461875.jpg,kamyun,198461875.jpg,828
dataset/Combined Dataset/train/kamyun/198591863.jpg,kamyun,198591863.jpg,829
dataset/Combined Dataset/train/kamyun/198661910.jpg,kamyun,198661910.jpg,830
dataset/Combined Dataset/train/kamyun/198712812.jpg,kamyun,198712812.jpg,831
dataset/Combined Dataset/train/kamyun/198714516.jpg,kamyun,198714516.jpg,832
dataset/Combined Dataset/train/kamyun/198923439.jpg,kamyun,198923439.jpg,833
dataset/Combined Dataset/train/kamyun/199185521.jpg,kamyun,199185521.jpg,834
dataset/Combined Dataset/train/kamyun/199511120.jpg,kamyun,199511120.jpg,835
dataset/Combined Dataset/train/kamyun/199575055.jpg,kamyun,199575055.jpg,836
dataset/Combined Dataset/train/kamyun/199636802.jpg,kamyun,199636802.jpg,837
dataset/Combined Dataset/train/kamyun/200333424.jpg,kamyun,200333424.jpg,838
dataset/Combined Dataset/train/kamyun/201501771.jpg,kamyun,201501771.jpg,839
dataset/Combined Dataset/train/kamyun/202031464.jpg,kamyun,202031464.jpg,840
dataset/Combined Dataset/train/kamyun/202364275.jpg,kamyun,202364275.jpg,841
dataset/Combined Dataset/train/kamyun/204958460.jpg,kamyun,204958460.jpg,842
dataset/Combined Dataset/train/kamyun/205327106.jpg,kamyun,205327106.jpg,843
dataset/Combined Dataset/train/kamyun/205439945.jpg,kamyun,205439945.jpg,844
dataset/Combined Dataset/train/kamyun/205757433.jpg,kamyun,205757433.jpg,845
dataset/Combined Dataset/train/kamyun/205760352.jpg,kamyun,205760352.jpg,846
dataset/Combined Dataset/train/kamyun/205904567.jpg,kamyun,205904567.jpg,847
dataset/Combined Dataset/train/kamyun/206728823.jpg,kamyun,206728823.jpg,848
dataset/Combined Dataset/train/kamyun/206812424.jpg,kamyun,206812424.jpg,849
dataset/Combined Dataset/train/kamyun/206930130.jpg,kamyun,206930130.jpg,850
dataset/Combined Dataset/train/kamyun/207402995.jpg,kamyun,207402995.jpg,851
dataset/Combined Dataset/train/kamyun/207936351.jpg,kamyun,207936351.jpg,852
dataset/Combined Dataset/train/kamyun/208307172.jpg,kamyun,208307172.jpg,853
dataset/Combined Dataset/train/kamyun/209332179.jpg,kamyun,209332179.jpg,854
dataset/Combined Dataset/train/kamyun/209576488.jpg,kamyun,209576488.jpg,855
dataset/Combined Dataset/train/kamyun/209981626.jpg,kamyun,209981626.jpg,856
dataset/Combined Dataset/train/kamyun/210254715.jpg,kamyun,210254715.jpg,857
dataset/Combined Dataset/train/kamyun/210622646.jpg,kamyun,210622646.jpg,858
dataset/Combined Dataset/train/kamyun/211010019.jpg,kamyun,211010019.jpg,859
dataset/Combined Dataset/train/kamyun/211410411.jpg,kamyun,211410411.jpg,860
dataset/Combined Dataset/train/kamyun/212492339.jpg,kamyun,212492339.jpg,861
dataset/Combined Dataset/train/kamyun/212511089.jpg,kamyun,212511089.jpg,862
dataset/Combined Dataset/train/kamyun/212538638.jpg,kamyun,212538638.jpg,863
dataset/Combined Dataset/train/kamyun/212656774.jpg,kamyun,212656774.jpg,864
dataset/Combined Dataset/train/kamyun/212828689.jpg,kamyun,212828689.jpg,865
dataset/Combined Dataset/train/kamyun/213234314.jpg,kamyun,213234314.jpg,866
dataset/Combined Dataset/train/kamyun/213331158.jpg,kamyun,213331158.jpg,867
dataset/Combined Dataset/train/kamyun/213750078.jpg,kamyun,213750078.jpg,868
dataset/Combined Dataset/train/kamyun/213816578.jpg,kamyun,213816578.jpg,869
dataset/Combined Dataset/train/kamyun/213879581.jpg,kamyun,213879581.jpg,870
dataset/Combined Dataset/train/kamyun/214034569.jpg,kamyun,214034569.jpg,871
dataset/Combined Dataset/train/kamyun/214288744.jpg,kamyun,214288744.jpg,872
dataset/Combined Dataset/train/kamyun/214493117.jpg,kamyun,214493117.jpg,873
dataset/Combined Dataset/train/kamyun/214617464.jpg,kamyun,214617464.jpg,874
dataset/Combined Dataset/train/kamyun/214632229.jpg,kamyun,214632229.jpg,875
dataset/Combined Dataset/train/kamyun/214646142.jpg,kamyun,214646142.jpg,876
dataset/Combined Dataset/train/kamyun/214789826.jpg,kamyun,214789826.jpg,877
dataset/Combined Dataset/train/kamyun/214822567.jpg,kamyun,214822567.jpg,878
dataset/Combined Dataset/train/kamyun/214834457.jpg,kamyun,214834457.jpg,879
dataset/Combined Dataset/train/kamyun/215113916.jpg,kamyun,215113916.jpg,880
dataset/Combined Dataset/train/kamyun/215121796.jpg,kamyun,215121796.jpg,881
dataset/Combined Dataset/train/kamyun/215121872.jpg,kamyun,215121872.jpg,882
dataset/Combined Dataset/train/kamyun/215406388.jpg,kamyun,215406388.jpg,883
dataset/Combined Dataset/train/kamyun/215416939.jpg,kamyun,215416939.jpg,884
dataset/Combined Dataset/train/kamyun/215435203.jpg,kamyun,215435203.jpg,885
dataset/Combined Dataset/train/kamyun/215545975.jpg,kamyun,215545975.jpg,886
dataset/Combined Dataset/train/kamyun/215572272.jpg,kamyun,215572272.jpg,887
dataset/Combined Dataset/train/kamyun/215575740.jpg,kamyun,215575740.jpg,888
dataset/Combined Dataset/train/kamyun/215580189.jpg,kamyun,215580189.jpg,889
dataset/Combined Dataset/train/kamyun/215581956.jpg,kamyun,215581956.jpg,890
dataset/Combined Dataset/train/kamyun/215614718.jpg,kamyun,215614718.jpg,891
dataset/Combined Dataset/train/kamyun/215635181.jpg,kamyun,215635181.jpg,892
dataset/Combined Dataset/train/kamyun/215657122.jpg,kamyun,215657122.jpg,893
dataset/Combined Dataset/train/kamyun/215673011.jpg,kamyun,215673011.jpg,894
dataset/Combined Dataset/train/kamyun/215675761.jpg,kamyun,215675761.jpg,895
dataset/Combined Dataset/train/kamyun/215678322.jpg,kamyun,215678322.jpg,896
dataset/Combined Dataset/train/kamyun/215686425.jpg,kamyun,215686425.jpg,897
dataset/Combined Dataset/train/kamyun/215696402.jpg,kamyun,215696402.jpg,898
dataset/Combined Dataset/train/kamyun/215697977.jpg,kamyun,215697977.jpg,899
dataset/Combined Dataset/train/kamyun/215704325.jpg,kamyun,215704325.jpg,900
dataset/Combined Dataset/train/kamyun/215743151.jpg,kamyun,215743151.jpg,901
dataset/Combined Dataset/train/kamyun/215744517.jpg,kamyun,215744517.jpg,902
dataset/Combined Dataset/train/kamyun/215753292.jpg,kamyun,215753292.jpg,903
dataset/Combined Dataset/train/kamyun/215760120.jpg,kamyun,215760120.jpg,904
dataset/Combined Dataset/train/kamyun/215762954.jpg,kamyun,215762954.jpg,905
dataset/Combined Dataset/train/kamyun/215771843.jpg,kamyun,215771843.jpg,906
dataset/Combined Dataset/train/kamyun/215789247.jpg,kamyun,215789247.jpg,907
dataset/Combined Dataset/train/kamyun/215792145.jpg,kamyun,215792145.jpg,908
dataset/Combined Dataset/train/kamyun/215798585.jpg,kamyun,215798585.jpg,909
dataset/Combined Dataset/train/kamyun/215807286.jpg,kamyun,215807286.jpg,910
dataset/Combined Dataset/train/kamyun/215809652.jpg,kamyun,215809652.jpg,911
dataset/Combined Dataset/train/kamyun/215829124.jpg,kamyun,215829124.jpg,912
dataset/Combined Dataset/train/kamyun/215894307.jpg,kamyun,215894307.jpg,913
dataset/Combined Dataset/train/kamyun/215897723.jpg,kamyun,215897723.jpg,914
dataset/Combined Dataset/train/kamyun/215908637.jpg,kamyun,215908637.jpg,915
dataset/Combined Dataset/train/kamyun/215910955.jpg,kamyun,215910955.jpg,916
dataset/Combined Dataset/train/kamyun/215912012.jpg,kamyun,215912012.jpg,917
dataset/Combined Dataset/train/kamyun/215925454.jpg,kamyun,215925454.jpg,918
dataset/Combined Dataset/train/kamyun/215933911.jpg,kamyun,215933911.jpg,919
dataset/Combined Dataset/train/kamyun/215943238.jpg,kamyun,215943238.jpg,920
dataset/Combined Dataset/train/kamyun/215956539.jpg,kamyun,215956539.jpg,921
dataset/Combined Dataset/train/kamyun/215958562.jpg,kamyun,215958562.jpg,922
dataset/Combined Dataset/train/kamyun/215969701.jpg,kamyun,215969701.jpg,923
dataset/Combined Dataset/train/kamyun/215970581.jpg,kamyun,215970581.jpg,924
dataset/Combined Dataset/train/kamyun/215975099.jpg,kamyun,215975099.jpg,925
dataset/Combined Dataset/train/kamyun/215976288.jpg,kamyun,215976288.jpg,926
dataset/Combined Dataset/train/kamyun/215987359.jpg,kamyun,215987359.jpg,927
dataset/Combined Dataset/train/kamyun/215994997.jpg,kamyun,215994997.jpg,928
dataset/Combined Dataset/train/kamyun/216019497.jpg,kamyun,216019497.jpg,929
dataset/Combined Dataset/train/kamyun/216021910.jpg,kamyun,216021910.jpg,930
dataset/Combined Dataset/train/kamyun/216023198.jpg,kamyun,216023198.jpg,931
dataset/Combined Dataset/train/kamyun/216025066.jpg,kamyun,216025066.jpg,932
dataset/Combined Dataset/train/kamyun/216033092.jpg,kamyun,216033092.jpg,933
dataset/Combined Dataset/train/kamyun/216037426.jpg,kamyun,216037426.jpg,934
dataset/Combined Dataset/train/kamyun/216044993.jpg,kamyun,216044993.jpg,935
dataset/Combined Dataset/train/kamyun/216047322.jpg,kamyun,216047322.jpg,936
dataset/Combined Dataset/train/kamyun/216055748.jpg,kamyun,216055748.jpg,937
dataset/Combined Dataset/train/kamyun/216061754.jpg,kamyun,216061754.jpg,938
dataset/Combined Dataset/train/kamyun/216062010.jpg,kamyun,216062010.jpg,939
dataset/Combined Dataset/train/kamyun/216073290.jpg,kamyun,216073290.jpg,940
dataset/Combined Dataset/train/kamyun/216087919.jpg,kamyun,216087919.jpg,941
dataset/Combined Dataset/train/kamyun/216104141.jpg,kamyun,216104141.jpg,942
dataset/Combined Dataset/train/kamyun/216108515.jpg,kamyun,216108515.jpg,943
dataset/Combined Dataset/train/kamyun/216109678.jpg,kamyun,216109678.jpg,944
dataset/Combined Dataset/train/kamyun/216144484.jpg,kamyun,216144484.jpg,945
dataset/Combined Dataset/train/kamyun/216147957.jpg,kamyun,216147957.jpg,946
dataset/Combined Dataset/train/kamyun/216165956.jpg,kamyun,216165956.jpg,947
dataset/Combined Dataset/train/kamyun/216173836.jpg,kamyun,216173836.jpg,948
dataset/Combined Dataset/train/kamyun/216181883.jpg,kamyun,216181883.jpg,949
dataset/Combined Dataset/train/kamyun/216184714.jpg,kamyun,216184714.jpg,950
dataset/Combined Dataset/train/kamyun/216204473.jpg,kamyun,216204473.jpg,951
dataset/Combined Dataset/train/kamyun/216211899.jpg,kamyun,216211899.jpg,952
dataset/Combined Dataset/train/kamyun/216231496.jpg,kamyun,216231496.jpg,953
dataset/Combined Dataset/train/kamyun/216295051.jpg,kamyun,216295051.jpg,954
dataset/Combined Dataset/train/kamyun/216297923.jpg,kamyun,216297923.jpg,955
dataset/Combined Dataset/train/kamyun/216317771.jpg,kamyun,216317771.jpg,956
dataset/Combined Dataset/train/kamyun/216324458.jpg,kamyun,216324458.jpg,957
dataset/Combined Dataset/train/kamyun/216393221.jpg,kamyun,216393221.jpg,958
dataset/Combined Dataset/train/kamyun/216410031.jpg,kamyun,216410031.jpg,959
dataset/Combined Dataset/train/kamyun/216419624.jpg,kamyun,216419624.jpg,960
dataset/Combined Dataset/train/kamyun/216422242.jpg,kamyun,216422242.jpg,961
dataset/Combined Dataset/train/kamyun/216427325.jpg,kamyun,216427325.jpg,962
dataset/Combined Dataset/train/kamyun/216432092.jpg,kamyun,216432092.jpg,963
dataset/Combined Dataset/train/kamyun/216432527.jpg,kamyun,216432527.jpg,964
dataset/Combined Dataset/train/kamyun/216434062.jpg,kamyun,216434062.jpg,965
dataset/Combined Dataset/train/kamyun/216454111.jpg,kamyun,216454111.jpg,966
dataset/Combined Dataset/train/kamyun/216456908.jpg,kamyun,216456908.jpg,967
dataset/Combined Dataset/train/kamyun/216479941.jpg,kamyun,216479941.jpg,968
dataset/Combined Dataset/train/kamyun/216522671.jpg,kamyun,216522671.jpg,969
dataset/Combined Dataset/train/kamyun/216530770.jpg,kamyun,216530770.jpg,970
dataset/Combined Dataset/train/kamyun/216533545.jpg,kamyun,216533545.jpg,971
dataset/Combined Dataset/train/kamyun/216536045.jpg,kamyun,216536045.jpg,972
dataset/Combined Dataset/train/kamyun/216537889.jpg,kamyun,216537889.jpg,973
dataset/Combined Dataset/train/kamyun/216556737.jpg,kamyun,216556737.jpg,974
dataset/Combined Dataset/train/kamyun/216560083.jpg,kamyun,216560083.jpg,975
dataset/Combined Dataset/train/kamyun/216560895.jpg,kamyun,216560895.jpg,976
dataset/Combined Dataset/train/kamyun/216568882.jpg,kamyun,216568882.jpg,977
dataset/Combined Dataset/train/kamyun/216591450.jpg,kamyun,216591450.jpg,978
dataset/Combined Dataset/train/kamyun/216596453.jpg,kamyun,216596453.jpg,979
dataset/Combined Dataset/train/kamyun/216599410.jpg,kamyun,216599410.jpg,980
dataset/Combined Dataset/train/kamyun/216616423.jpg,kamyun,216616423.jpg,981
dataset/Combined Dataset/train/kamyun/216647985.jpg,kamyun,216647985.jpg,982
dataset/Combined Dataset/train/kamyun/216648052.jpg,kamyun,216648052.jpg,983
dataset/Combined Dataset/train/kamyun/216677011.jpg,kamyun,216677011.jpg,984
dataset/Combined Dataset/train/kamyun/216739511.jpg,kamyun,216739511.jpg,985
dataset/Combined Dataset/train/kamyun/216740654.jpg,kamyun,216740654.jpg,986
dataset/Combined Dataset/train/kamyun/216768621.jpg,kamyun,216768621.jpg,987
dataset/Combined Dataset/train/kamyun/216797255.jpg,kamyun,216797255.jpg,988
dataset/Combined Dataset/train/kamyun/216849455.jpg,kamyun,216849455.jpg,989
dataset/Combined Dataset/train/kamyun/216850661.jpg,kamyun,216850661.jpg,990
dataset/Combined Dataset/train/kamyun/216854596.jpg,kamyun,216854596.jpg,991
dataset/Combined Dataset/train/kamyun/216864895.jpg,kamyun,216864895.jpg,992
dataset/Combined Dataset/train/kamyun/216879297.jpg,kamyun,216879297.jpg,993
dataset/Combined Dataset/train/kamyun/216891505.jpg,kamyun,216891505.jpg,994
dataset/Combined Dataset/train/kamyun/216902168.jpg,kamyun,216902168.jpg,995
dataset/Combined Dataset/train/kamyun/216945616.jpg,kamyun,216945616.jpg,996
dataset/Combined Dataset/train/kamyun/216962905.jpg,kamyun,216962905.jpg,997
dataset/Combined Dataset/train/kamyun/216963332.jpg,kamyun,216963332.jpg,998
dataset/Combined Dataset/train/kamyun/216965741.jpg,kamyun,216965741.jpg,999
dataset/Combined Dataset/train/kamyun/217012663.jpg,kamyun,217012663.jpg,1000
dataset/Combined Dataset/train/kamyun/217031763.jpg,kamyun,217031763.jpg,1001
dataset/Combined Dataset/train/kamyun/217042067.jpg,kamyun,217042067.jpg,1002
dataset/Combined Dataset/train/kamyun/217050719.jpg,kamyun,217050719.jpg,1003
dataset/Combined Dataset/train/kamyun/217066957.jpg,kamyun,217066957.jpg,1004
dataset/Combined Dataset/train/kamyun/217070577.jpg,kamyun,217070577.jpg,1005
dataset/Combined Dataset/train/kamyun/217072267.jpg,kamyun,217072267.jpg,1006
dataset/Combined Dataset/train/kamyun/217114315.jpg,kamyun,217114315.jpg,1007
dataset/Combined Dataset/train/kamyun/217168731.jpg,kamyun,217168731.jpg,1008
dataset/Combined Dataset/train/kamyun/217170352.jpg,kamyun,217170352.jpg,1009
dataset/Combined Dataset/train/kamyun/217183554.jpg,kamyun,217183554.jpg,1010
dataset/Combined Dataset/train/kamyun/217187069.jpg,kamyun,217187069.jpg,1011
dataset/Combined Dataset/train/kamyun/217204099.jpg,kamyun,217204099.jpg,1012
dataset/Combined Dataset/train/kamyun/217273409.jpg,kamyun,217273409.jpg,1013
dataset/Combined Dataset/train/kamyun/217274801.jpg,kamyun,217274801.jpg,1014
dataset/Combined Dataset/train/kamyun/217309460.jpg,kamyun,217309460.jpg,1015
dataset/Combined Dataset/train/kamyun/217362261.jpg,kamyun,217362261.jpg,1016
dataset/Combined Dataset/train/kamyun/217368931.jpg,kamyun,217368931.jpg,1017
dataset/Combined Dataset/train/kamyun/217382212.jpg,kamyun,217382212.jpg,1018
dataset/Combined Dataset/train/kamyun/217433211.jpg,kamyun,217433211.jpg,1019
dataset/Combined Dataset/train/kamyun/217447379.jpg,kamyun,217447379.jpg,1020
dataset/Combined Dataset/train/kamyun/217634183.jpg,kamyun,217634183.jpg,1021
dataset/Combined Dataset/train/kamyun/217694641.jpg,kamyun,217694641.jpg,1022
dataset/Combined Dataset/train/kamyun/217758646.jpg,kamyun,217758646.jpg,1023
dataset/Combined Dataset/train/kamyun/217798410.jpg,kamyun,217798410.jpg,1024
dataset/Combined Dataset/train/kamyun/217824671.jpg,kamyun,217824671.jpg,1025
dataset/Combined Dataset/train/kamyun/217826064.jpg,kamyun,217826064.jpg,1026
dataset/Combined Dataset/train/kamyun/217832581.jpg,kamyun,217832581.jpg,1027
dataset/Combined Dataset/train/kamyun/217892920.jpg,kamyun,217892920.jpg,1028
dataset/Combined Dataset/train/kamyun/217903362.jpg,kamyun,217903362.jpg,1029
dataset/Combined Dataset/train/kamyun/217917607.jpg,kamyun,217917607.jpg,1030
dataset/Combined Dataset/train/kamyun/217922047.jpg,kamyun,217922047.jpg,1031
dataset/Combined Dataset/train/kamyun/217935251.jpg,kamyun,217935251.jpg,1032
dataset/Combined Dataset/train/kamyun/217939203.jpg,kamyun,217939203.jpg,1033
dataset/Combined Dataset/train/kamyun/217940022.jpg,kamyun,217940022.jpg,1034
dataset/Combined Dataset/train/kamyun/217955185.jpg,kamyun,217955185.jpg,1035
dataset/Combined Dataset/train/kamyun/217960658.jpg,kamyun,217960658.jpg,1036
dataset/Combined Dataset/train/kamyun/217967481.jpg,kamyun,217967481.jpg,1037
dataset/Combined Dataset/train/kamyun/217989700.jpg,kamyun,217989700.jpg,1038
dataset/Combined Dataset/train/kamyun/218000155.jpg,kamyun,218000155.jpg,1039
dataset/Combined Dataset/train/kamyun/218018095.jpg,kamyun,218018095.jpg,1040
dataset/Combined Dataset/train/kamyun/218018334.jpg,kamyun,218018334.jpg,1041
dataset/Combined Dataset/train/kamyun/218028621.jpg,kamyun,218028621.jpg,1042
dataset/Combined Dataset/train/kamyun/218036546.jpg,kamyun,218036546.jpg,1043
dataset/Combined Dataset/train/kamyun/218039449.jpg,kamyun,218039449.jpg,1044
dataset/Combined Dataset/train/kamyun/218043863.jpg,kamyun,218043863.jpg,1045
dataset/Combined Dataset/train/kamyun/218104347.jpg,kamyun,218104347.jpg,1046
dataset/Combined Dataset/train/kamyun/218106127.jpg,kamyun,218106127.jpg,1047
dataset/Combined Dataset/train/kamyun/218134792.jpg,kamyun,218134792.jpg,1048
dataset/Combined Dataset/train/kamyun/218146720.jpg,kamyun,218146720.jpg,1049
dataset/Combined Dataset/train/kamyun/218151052.jpg,kamyun,218151052.jpg,1050
dataset/Combined Dataset/train/kamyun/218161653.jpg,kamyun,218161653.jpg,1051
dataset/Combined Dataset/train/kamyun/218163443.jpg,kamyun,218163443.jpg,1052
dataset/Combined Dataset/train/kamyun/218164341.jpg,kamyun,218164341.jpg,1053
dataset/Combined Dataset/train/kamyun/218182764.jpg,kamyun,218182764.jpg,1054
dataset/Combined Dataset/train/kamyun/218187257.jpg,kamyun,218187257.jpg,1055
dataset/Combined Dataset/train/kamyun/218199412.jpg,kamyun,218199412.jpg,1056
dataset/Combined Dataset/train/kamyun/218206526.jpg,kamyun,218206526.jpg,1057
dataset/Combined Dataset/train/kamyun/218208780.jpg,kamyun,218208780.jpg,1058
dataset/Combined Dataset/train/kamyun/218240059.jpg,kamyun,218240059.jpg,1059
dataset/Combined Dataset/train/kamyun/218259112.jpg,kamyun,218259112.jpg,1060
dataset/Combined Dataset/train/kamyun/218279195.jpg,kamyun,218279195.jpg,1061
dataset/Combined Dataset/train/kamyun/218307800.jpg,kamyun,218307800.jpg,1062
dataset/Combined Dataset/train/kamyun/218320799.jpg,kamyun,218320799.jpg,1063
dataset/Combined Dataset/train/kamyun/218330500.jpg,kamyun,218330500.jpg,1064
dataset/Combined Dataset/train/kamyun/218342110.jpg,kamyun,218342110.jpg,1065
dataset/Combined Dataset/train/kamyun/218342823.jpg,kamyun,218342823.jpg,1066
dataset/Combined Dataset/train/kamyun/218352715.jpg,kamyun,218352715.jpg,1067
dataset/Combined Dataset/train/kamyun/218381430.jpg,kamyun,218381430.jpg,1068
dataset/Combined Dataset/train/kamyun/218384709.jpg,kamyun,218384709.jpg,1069
dataset/Combined Dataset/train/kamyun/218432185.jpg,kamyun,218432185.jpg,1070
dataset/Combined Dataset/train/kamyun/218464321.jpg,kamyun,218464321.jpg,1071
dataset/Combined Dataset/train/kamyun/218465748.jpg,kamyun,218465748.jpg,1072
dataset/Combined Dataset/train/kamyun/218492318.jpg,kamyun,218492318.jpg,1073
dataset/Combined Dataset/train/kamyun/218528089.jpg,kamyun,218528089.jpg,1074
dataset/Combined Dataset/train/kamyun/218558741.jpg,kamyun,218558741.jpg,1075
dataset/Combined Dataset/train/kamyun/218560204.jpg,kamyun,218560204.jpg,1076
dataset/Combined Dataset/train/kamyun/218562055.jpg,kamyun,218562055.jpg,1077
dataset/Combined Dataset/train/kamyun/218568954.jpg,kamyun,218568954.jpg,1078
dataset/Combined Dataset/train/kamyun/218572201.jpg,kamyun,218572201.jpg,1079
dataset/Combined Dataset/train/kamyun/218578650.jpg,kamyun,218578650.jpg,1080
dataset/Combined Dataset/train/kamyun/218585529.jpg,kamyun,218585529.jpg,1081
dataset/Combined Dataset/train/kamyun/218596968.jpg,kamyun,218596968.jpg,1082
dataset/Combined Dataset/train/kamyun/218601432.jpg,kamyun,218601432.jpg,1083
dataset/Combined Dataset/train/kamyun/218609300.jpg,kamyun,218609300.jpg,1084
dataset/Combined Dataset/train/kamyun/218639875.jpg,kamyun,218639875.jpg,1085
dataset/Combined Dataset/train/kamyun/218642439.jpg,kamyun,218642439.jpg,1086
dataset/Combined Dataset/train/kamyun/218662990.jpg,kamyun,218662990.jpg,1087
dataset/Combined Dataset/train/kamyun/218665199.jpg,kamyun,218665199.jpg,1088
dataset/Combined Dataset/train/kamyun/218666415.jpg,kamyun,218666415.jpg,1089
dataset/Combined Dataset/train/kamyun/218685223.jpg,kamyun,218685223.jpg,1090
dataset/Combined Dataset/train/kamyun/218689825.jpg,kamyun,218689825.jpg,1091
dataset/Combined Dataset/train/kamyun/218696889.jpg,kamyun,218696889.jpg,1092
dataset/Combined Dataset/train/kamyun/218697288.jpg,kamyun,218697288.jpg,1093
dataset/Combined Dataset/train/kamyun/218698955.jpg,kamyun,218698955.jpg,1094
dataset/Combined Dataset/train/kamyun/218699915.jpg,kamyun,218699915.jpg,1095
dataset/Combined Dataset/train/kamyun/218706352.jpg,kamyun,218706352.jpg,1096
dataset/Combined Dataset/train/kamyun/218715050.jpg,kamyun,218715050.jpg,1097
dataset/Combined Dataset/train/kamyun/218715737.jpg,kamyun,218715737.jpg,1098
dataset/Combined Dataset/train/kamyun/218716781.jpg,kamyun,218716781.jpg,1099
dataset/Combined Dataset/train/kamyun/218719172.jpg,kamyun,218719172.jpg,1100
dataset/Combined Dataset/train/kamyun/218720713.jpg,kamyun,218720713.jpg,1101
dataset/Combined Dataset/train/kamyun/218720842.jpg,kamyun,218720842.jpg,1102
dataset/Combined Dataset/train/kamyun/218723246.jpg,kamyun,218723246.jpg,1103
dataset/Combined Dataset/train/kamyun/218725706.jpg,kamyun,218725706.jpg,1104
dataset/Combined Dataset/train/kamyun/218728490.jpg,kamyun,218728490.jpg,1105
dataset/Combined Dataset/train/kamyun/218729502.jpg,kamyun,218729502.jpg,1106
dataset/Combined Dataset/train/kamyun/218753345.jpg,kamyun,218753345.jpg,1107
dataset/Combined Dataset/train/kamyun/218771525.jpg,kamyun,218771525.jpg,1108
dataset/Combined Dataset/train/kamyun/218800079.jpg,kamyun,218800079.jpg,1109
dataset/Combined Dataset/train/kamyun/218812834.jpg,kamyun,218812834.jpg,1110
dataset/Combined Dataset/train/kamyun/218828446.jpg,kamyun,218828446.jpg,1111
dataset/Combined Dataset/train/kamyun/218830724.jpg,kamyun,218830724.jpg,1112
dataset/Combined Dataset/train/kamyun/218833324.jpg,kamyun,218833324.jpg,1113
dataset/Combined Dataset/train/kamyun/218833657.jpg,kamyun,218833657.jpg,1114
dataset/Combined Dataset/train/kamyun/218843937.jpg,kamyun,218843937.jpg,1115
dataset/Combined Dataset/train/kamyun/218849140.jpg,kamyun,218849140.jpg,1116
dataset/Combined Dataset/train/kamyun/218851819.jpg,kamyun,218851819.jpg,1117
dataset/Combined Dataset/train/kamyun/218860925.jpg,kamyun,218860925.jpg,1118
dataset/Combined Dataset/train/kamyun/218877388.jpg,kamyun,218877388.jpg,1119
dataset/Combined Dataset/train/kamyun/218906408.jpg,kamyun,218906408.jpg,1120
dataset/Combined Dataset/train/kamyun/218913056.jpg,kamyun,218913056.jpg,1121
dataset/Combined Dataset/train/kamyun/218915243.jpg,kamyun,218915243.jpg,1122
dataset/Combined Dataset/train/kamyun/218916372.jpg,kamyun,218916372.jpg,1123
dataset/Combined Dataset/train/kamyun/218927452.jpg,kamyun,218927452.jpg,1124
dataset/Combined Dataset/train/kamyun/218929209.jpg,kamyun,218929209.jpg,1125
dataset/Combined Dataset/train/kamyun/218942767.jpg,kamyun,218942767.jpg,1126
dataset/Combined Dataset/train/kamyun/218951797.jpg,kamyun,218951797.jpg,1127
dataset/Combined Dataset/train/kamyun/218970183.jpg,kamyun,218970183.jpg,1128
dataset/Combined Dataset/train/kamyun/218972010.jpg,kamyun,218972010.jpg,1129
dataset/Combined Dataset/train/kamyun/218981964.jpg,kamyun,218981964.jpg,1130
dataset/Combined Dataset/train/kamyun/218983235.jpg,kamyun,218983235.jpg,1131
dataset/Combined Dataset/train/kamyun/218984838.jpg,kamyun,218984838.jpg,1132
dataset/Combined Dataset/train/kamyun/218988535.jpg,kamyun,218988535.jpg,1133
dataset/Combined Dataset/train/kamyun/218990997.jpg,kamyun,218990997.jpg,1134
dataset/Combined Dataset/train/kamyun/218994039.jpg,kamyun,218994039.jpg,1135
dataset/Combined Dataset/train/kamyun/218998994.jpg,kamyun,218998994.jpg,1136
dataset/Combined Dataset/train/kamyun/219000438.jpg,kamyun,219000438.jpg,1137
dataset/Combined Dataset/train/kamyun/219012783.jpg,kamyun,219012783.jpg,1138
dataset/Combined Dataset/train/kamyun/219027696.jpg,kamyun,219027696.jpg,1139
dataset/Combined Dataset/train/kamyun/219050932.jpg,kamyun,219050932.jpg,1140
dataset/Combined Dataset/train/kamyun/219057807.jpg,kamyun,219057807.jpg,1141
dataset/Combined Dataset/train/kamyun/219062079.jpg,kamyun,219062079.jpg,1142
dataset/Combined Dataset/train/kamyun/219084652.jpg,kamyun,219084652.jpg,1143
dataset/Combined Dataset/train/kamyun/219108317.jpg,kamyun,219108317.jpg,1144
dataset/Combined Dataset/train/kamyun/219121462.jpg,kamyun,219121462.jpg,1145
dataset/Combined Dataset/train/kamyunet/193062599.jpg,kamyunet,193062599.jpg,1146
dataset/Combined Dataset/train/kamyunet/193171555.jpg,kamyunet,193171555.jpg,1147
dataset/Combined Dataset/train/kamyunet/193234027.jpg,kamyunet,193234027.jpg,1148
dataset/Combined Dataset/train/kamyunet/193372049.jpg,kamyunet,193372049.jpg,1149
dataset/Combined Dataset/train/kamyunet/193558761.jpg,kamyunet,193558761.jpg,1150
dataset/Combined Dataset/train/kamyunet/193568157.jpg,kamyunet,193568157.jpg,1151
dataset/Combined Dataset/train/kamyunet/193903806.jpg,kamyunet,193903806.jpg,1152
dataset/Combined Dataset/train/kamyunet/194252891.jpg,kamyunet,194252891.jpg,1153
dataset/Combined Dataset/train/kamyunet/194270924.jpg,kamyunet,194270924.jpg,1154
dataset/Combined Dataset/train/kamyunet/194277690.jpg,kamyunet,194277690.jpg,1155
dataset/Combined Dataset/train/kamyunet/194278256.jpg,kamyunet,194278256.jpg,1156
dataset/Combined Dataset/train/kamyunet/194280536.jpg,kamyunet,194280536.jpg,1157
dataset/Combined Dataset/train/kamyunet/195219977.jpg,kamyunet,195219977.jpg,1158
dataset/Combined Dataset/train/kamyunet/195416036.jpg,kamyunet,195416036.jpg,1159
dataset/Combined Dataset/train/kamyunet/195578789.jpg,kamyunet,195578789.jpg,1160
dataset/Combined Dataset/train/kamyunet/195670551.jpg,kamyunet,195670551.jpg,1161
dataset/Combined Dataset/train/kamyunet/195898713.jpg,kamyunet,195898713.jpg,1162
dataset/Combined Dataset/train/kamyunet/195918838.jpg,kamyunet,195918838.jpg,1163
dataset/Combined Dataset/train/kamyunet/195923707.jpg,kamyunet,195923707.jpg,1164
dataset/Combined Dataset/train/kamyunet/196384553.jpg,kamyunet,196384553.jpg,1165
dataset/Combined Dataset/train/kamyunet/196412320.jpg,kamyunet,196412320.jpg,1166
dataset/Combined Dataset/train/kamyunet/196513453.jpg,kamyunet,196513453.jpg,1167
dataset/Combined Dataset/train/kamyunet/197132093.jpg,kamyunet,197132093.jpg,1168
dataset/Combined Dataset/train/kamyunet/197387270.jpg,kamyunet,197387270.jpg,1169
dataset/Combined Dataset/train/kamyunet/197504981.jpg,kamyunet,197504981.jpg,1170
dataset/Combined Dataset/train/kamyunet/197510266.jpg,kamyunet,197510266.jpg,1171
dataset/Combined Dataset/train/kamyunet/197524191.jpg,kamyunet,197524191.jpg,1172
dataset/Combined Dataset/train/kamyunet/197919393.jpg,kamyunet,197919393.jpg,1173
dataset/Combined Dataset/train/kamyunet/198068040.jpg,kamyunet,198068040.jpg,1174
dataset/Combined Dataset/train/kamyunet/198081487.jpg,kamyunet,198081487.jpg,1175
dataset/Combined Dataset/train/kamyunet/198111935.jpg,kamyunet,198111935.jpg,1176
dataset/Combined Dataset/train/kamyunet/198119425.jpg,kamyunet,198119425.jpg,1177
dataset/Combined Dataset/train/kamyunet/198158463.jpg,kamyunet,198158463.jpg,1178
dataset/Combined Dataset/train/kamyunet/198199671.jpg,kamyunet,198199671.jpg,1179
dataset/Combined Dataset/train/kamyunet/198229545.jpg,kamyunet,198229545.jpg,1180
dataset/Combined Dataset/train/kamyunet/198243942.jpg,kamyunet,198243942.jpg,1181
dataset/Combined Dataset/train/kamyunet/198247089.jpg,kamyunet,198247089.jpg,1182
dataset/Combined Dataset/train/kamyunet/198264037.jpg,kamyunet,198264037.jpg,1183
dataset/Combined Dataset/train/kamyunet/198330600.jpg,kamyunet,198330600.jpg,1184
dataset/Combined Dataset/train/kamyunet/198385201.jpg,kamyunet,198385201.jpg,1185
dataset/Combined Dataset/train/kamyunet/198425102.jpg,kamyunet,198425102.jpg,1186
dataset/Combined Dataset/train/kamyunet/198438253.jpg,kamyunet,198438253.jpg,1187
dataset/Combined Dataset/train/kamyunet/198458220.jpg,kamyunet,198458220.jpg,1188
dataset/Combined Dataset/train/kamyunet/198465540.jpg,kamyunet,198465540.jpg,1189
dataset/Combined Dataset/train/kamyunet/198810534.jpg,kamyunet,198810534.jpg,1190
dataset/Combined Dataset/train/kamyunet/198991559.jpg,kamyunet,198991559.jpg,1191
dataset/Combined Dataset/train/kamyunet/199172201.jpg,kamyunet,199172201.jpg,1192
dataset/Combined Dataset/train/kamyunet/199179018.jpg,kamyunet,199179018.jpg,1193
dataset/Combined Dataset/train/kamyunet/199184462.jpg,kamyunet,199184462.jpg,1194
dataset/Combined Dataset/train/kamyunet/199213257.jpg,kamyunet,199213257.jpg,1195
dataset/Combined Dataset/train/kamyunet/199279799.jpg,kamyunet,199279799.jpg,1196
dataset/Combined Dataset/train/kamyunet/199375942.jpg,kamyunet,199375942.jpg,1197
dataset/Combined Dataset/train/kamyunet/199637722.jpg,kamyunet,199637722.jpg,1198
dataset/Combined Dataset/train/kamyunet/199644443.jpg,kamyunet,199644443.jpg,1199
dataset/Combined Dataset/train/kamyunet/199773210.jpg,kamyunet,199773210.jpg,1200
dataset/Combined Dataset/train/kamyunet/199946768.jpg,kamyunet,199946768.jpg,1201
dataset/Combined Dataset/train/kamyunet/200170189.jpg,kamyunet,200170189.jpg,1202
dataset/Combined Dataset/train/kamyunet/200359181.jpg,kamyunet,200359181.jpg,1203
dataset/Combined Dataset/train/kamyunet/200413006.jpg,kamyunet,200413006.jpg,1204
dataset/Combined Dataset/train/kamyunet/200457547.jpg,kamyunet,200457547.jpg,1205
dataset/Combined Dataset/train/kamyunet/200460350.jpg,kamyunet,200460350.jpg,1206
dataset/Combined Dataset/train/kamyunet/200464110.jpg,kamyunet,200464110.jpg,1207
dataset/Combined Dataset/train/kamyunet/200467078.jpg,kamyunet,200467078.jpg,1208
dataset/Combined Dataset/train/kamyunet/201179873.jpg,kamyunet,201179873.jpg,1209
dataset/Combined Dataset/train/kamyunet/201261809.jpg,kamyunet,201261809.jpg,1210
dataset/Combined Dataset/train/kamyunet/202188960.jpg,kamyunet,202188960.jpg,1211
dataset/Combined Dataset/train/kamyunet/202198620.jpg,kamyunet,202198620.jpg,1212
dataset/Combined Dataset/train/kamyunet/202209206.jpg,kamyunet,202209206.jpg,1213
dataset/Combined Dataset/train/kamyunet/202409039.jpg,kamyunet,202409039.jpg,1214
dataset/Combined Dataset/train/kamyunet/202540223.jpg,kamyunet,202540223.jpg,1215
dataset/Combined Dataset/train/kamyunet/202691204.jpg,kamyunet,202691204.jpg,1216
dataset/Combined Dataset/train/kamyunet/203161511.jpg,kamyunet,203161511.jpg,1217
dataset/Combined Dataset/train/kamyunet/203426119.jpg,kamyunet,203426119.jpg,1218
dataset/Combined Dataset/train/kamyunet/204597188.jpg,kamyunet,204597188.jpg,1219
dataset/Combined Dataset/train/kamyunet/204655887.jpg,kamyunet,204655887.jpg,1220
dataset/Combined Dataset/train/kamyunet/205077309.jpg,kamyunet,205077309.jpg,1221
dataset/Combined Dataset/train/kamyunet/205243013.jpg,kamyunet,205243013.jpg,1222
dataset/Combined Dataset/train/kamyunet/205403787.jpg,kamyunet,205403787.jpg,1223
dataset/Combined Dataset/train/kamyunet/205437377.jpg,kamyunet,205437377.jpg,1224
dataset/Combined Dataset/train/kamyunet/205841640.jpg,kamyunet,205841640.jpg,1225
dataset/Combined Dataset/train/kamyunet/206174596.jpg,kamyunet,206174596.jpg,1226
dataset/Combined Dataset/train/kamyunet/206542315.jpg,kamyunet,206542315.jpg,1227
dataset/Combined Dataset/train/kamyunet/206862339.jpg,kamyunet,206862339.jpg,1228
dataset/Combined Dataset/train/kamyunet/207076419.jpg,kamyunet,207076419.jpg,1229
dataset/Combined Dataset/train/kamyunet/207502063.jpg,kamyunet,207502063.jpg,1230
dataset/Combined Dataset/train/kamyunet/207598810.jpg,kamyunet,207598810.jpg,1231
dataset/Combined Dataset/train/kamyunet/208424445.jpg,kamyunet,208424445.jpg,1232
dataset/Combined Dataset/train/kamyunet/208830517.jpg,kamyunet,208830517.jpg,1233
dataset/Combined Dataset/train/kamyunet/208870069.jpg,kamyunet,208870069.jpg,1234
dataset/Combined Dataset/train/kamyunet/209517188.jpg,kamyunet,209517188.jpg,1235
dataset/Combined Dataset/train/kamyunet/209541758.jpg,kamyunet,209541758.jpg,1236
dataset/Combined Dataset/train/kamyunet/209546498.jpg,kamyunet,209546498.jpg,1237
dataset/Combined Dataset/train/kamyunet/209724949.jpg,kamyunet,209724949.jpg,1238
dataset/Combined Dataset/train/kamyunet/209781589.jpg,kamyunet,209781589.jpg,1239
dataset/Combined Dataset/train/kamyunet/209845919.jpg,kamyunet,209845919.jpg,1240
dataset/Combined Dataset/train/kamyunet/209859136.jpg,kamyunet,209859136.jpg,1241
dataset/Combined Dataset/train/kamyunet/210034335.jpg,kamyunet,210034335.jpg,1242
dataset/Combined Dataset/train/kamyunet/210064050.jpg,kamyunet,210064050.jpg,1243
dataset/Combined Dataset/train/kamyunet/210099989.jpg,kamyunet,210099989.jpg,1244
dataset/Combined Dataset/train/kamyunet/210107304.jpg,kamyunet,210107304.jpg,1245
dataset/Combined Dataset/train/kamyunet/210109298.jpg,kamyunet,210109298.jpg,1246
dataset/Combined Dataset/train/kamyunet/210122932.jpg,kamyunet,210122932.jpg,1247
dataset/Combined Dataset/train/kamyunet/210127639.jpg,kamyunet,210127639.jpg,1248
dataset/Combined Dataset/train/kamyunet/210504161.jpg,kamyunet,210504161.jpg,1249
dataset/Combined Dataset/train/kamyunet/210749256.jpg,kamyunet,210749256.jpg,1250
dataset/Combined Dataset/train/kamyunet/211105618.jpg,kamyunet,211105618.jpg,1251
dataset/Combined Dataset/train/kamyunet/211358345.jpg,kamyunet,211358345.jpg,1252
dataset/Combined Dataset/train/kamyunet/211524213.jpg,kamyunet,211524213.jpg,1253
dataset/Combined Dataset/train/kamyunet/211723634.jpg,kamyunet,211723634.jpg,1254
dataset/Combined Dataset/train/kamyunet/212033747.jpg,kamyunet,212033747.jpg,1255
dataset/Combined Dataset/train/kamyunet/212046691.jpg,kamyunet,212046691.jpg,1256
dataset/Combined Dataset/train/kamyunet/212082731.jpg,kamyunet,212082731.jpg,1257
dataset/Combined Dataset/train/kamyunet/212119384.jpg,kamyunet,212119384.jpg,1258
dataset/Combined Dataset/train/kamyunet/212165742.jpg,kamyunet,212165742.jpg,1259
dataset/Combined Dataset/train/kamyunet/212169487.jpg,kamyunet,212169487.jpg,1260
dataset/Combined Dataset/train/kamyunet/212295113.jpg,kamyunet,212295113.jpg,1261
dataset/Combined Dataset/train/kamyunet/212708966.jpg,kamyunet,212708966.jpg,1262
dataset/Combined Dataset/train/kamyunet/212722682.jpg,kamyunet,212722682.jpg,1263
dataset/Combined Dataset/train/kamyunet/212746296.jpg,kamyunet,212746296.jpg,1264
dataset/Combined Dataset/train/kamyunet/212916835.jpg,kamyunet,212916835.jpg,1265
dataset/Combined Dataset/train/kamyunet/212928506.jpg,kamyunet,212928506.jpg,1266
dataset/Combined Dataset/train/kamyunet/213270925.jpg,kamyunet,213270925.jpg,1267
dataset/Combined Dataset/train/kamyunet/213311124.jpg,kamyunet,213311124.jpg,1268
dataset/Combined Dataset/train/kamyunet/213332262.jpg,kamyunet,213332262.jpg,1269
dataset/Combined Dataset/train/kamyunet/213479569.jpg,kamyunet,213479569.jpg,1270
dataset/Combined Dataset/train/kamyunet/213481023.jpg,kamyunet,213481023.jpg,1271
dataset/Combined Dataset/train/kamyunet/213482233.jpg,kamyunet,213482233.jpg,1272
dataset/Combined Dataset/train/kamyunet/213506255.jpg,kamyunet,213506255.jpg,1273
dataset/Combined Dataset/train/kamyunet/213506642.jpg,kamyunet,213506642.jpg,1274
dataset/Combined Dataset/train/kamyunet/213511840.jpg,kamyunet,213511840.jpg,1275
dataset/Combined Dataset/train/kamyunet/213627127.jpg,kamyunet,213627127.jpg,1276
dataset/Combined Dataset/train/kamyunet/213853081.jpg,kamyunet,213853081.jpg,1277
dataset/Combined Dataset/train/kamyunet/214048005.jpg,kamyunet,214048005.jpg,1278
dataset/Combined Dataset/train/kamyunet/214105935.jpg,kamyunet,214105935.jpg,1279
dataset/Combined Dataset/train/kamyunet/214283248.jpg,kamyunet,214283248.jpg,1280
dataset/Combined Dataset/train/kamyunet/214284950.jpg,kamyunet,214284950.jpg,1281
dataset/Combined Dataset/train/kamyunet/214285219.jpg,kamyunet,214285219.jpg,1282
dataset/Combined Dataset/train/kamyunet/214321010.jpg,kamyunet,214321010.jpg,1283
dataset/Combined Dataset/train/kamyunet/214357757.jpg,kamyunet,214357757.jpg,1284
dataset/Combined Dataset/train/kamyunet/214358573.jpg,kamyunet,214358573.jpg,1285
dataset/Combined Dataset/train/kamyunet/214359092.jpg,kamyunet,214359092.jpg,1286
dataset/Combined Dataset/train/kamyunet/214363172.jpg,kamyunet,214363172.jpg,1287
dataset/Combined Dataset/train/kamyunet/214372132.jpg,kamyunet,214372132.jpg,1288
dataset/Combined Dataset/train/kamyunet/214490121.jpg,kamyunet,214490121.jpg,1289
dataset/Combined Dataset/train/kamyunet/214490765.jpg,kamyunet,214490765.jpg,1290
dataset/Combined Dataset/train/kamyunet/214493265.jpg,kamyunet,214493265.jpg,1291
dataset/Combined Dataset/train/kamyunet/214641253.jpg,kamyunet,214641253.jpg,1292
dataset/Combined Dataset/train/kamyunet/214657348.jpg,kamyunet,214657348.jpg,1293
dataset/Combined Dataset/train/kamyunet/214713226.jpg,kamyunet,214713226.jpg,1294
dataset/Combined Dataset/train/kamyunet/214731512.jpg,kamyunet,214731512.jpg,1295
dataset/Combined Dataset/train/kamyunet/214772097.jpg,kamyunet,214772097.jpg,1296
dataset/Combined Dataset/train/kamyunet/214773624.jpg,kamyunet,214773624.jpg,1297
dataset/Combined Dataset/train/kamyunet/214806720.jpg,kamyunet,214806720.jpg,1298
dataset/Combined Dataset/train/kamyunet/214831926.jpg,kamyunet,214831926.jpg,1299
dataset/Combined Dataset/train/kamyunet/214845535.jpg,kamyunet,214845535.jpg,1300
dataset/Combined Dataset/train/kamyunet/214925670.jpg,kamyunet,214925670.jpg,1301
dataset/Combined Dataset/train/kamyunet/214956940.jpg,kamyunet,214956940.jpg,1302
dataset/Combined Dataset/train/kamyunet/214962809.jpg,kamyunet,214962809.jpg,1303
dataset/Combined Dataset/train/kamyunet/215059402.jpg,kamyunet,215059402.jpg,1304
dataset/Combined Dataset/train/kamyunet/215099946.jpg,kamyunet,215099946.jpg,1305
dataset/Combined Dataset/train/kamyunet/215100998.jpg,kamyunet,215100998.jpg,1306
dataset/Combined Dataset/train/kamyunet/215104341.jpg,kamyunet,215104341.jpg,1307
dataset/Combined Dataset/train/kamyunet/215119243.jpg,kamyunet,215119243.jpg,1308
dataset/Combined Dataset/train/kamyunet/215144561.jpg,kamyunet,215144561.jpg,1309
dataset/Combined Dataset/train/kamyunet/215175729.jpg,kamyunet,215175729.jpg,1310
dataset/Combined Dataset/train/kamyunet/215181817.jpg,kamyunet,215181817.jpg,1311
dataset/Combined Dataset/train/kamyunet/215183315.jpg,kamyunet,215183315.jpg,1312
dataset/Combined Dataset/train/kamyunet/215188569.jpg,kamyunet,215188569.jpg,1313
dataset/Combined Dataset/train/kamyunet/215242068.jpg,kamyunet,215242068.jpg,1314
dataset/Combined Dataset/train/kamyunet/215286925.jpg,kamyunet,215286925.jpg,1315
dataset/Combined Dataset/train/kamyunet/215298296.jpg,kamyunet,215298296.jpg,1316
dataset/Combined Dataset/train/kamyunet/215318772.jpg,kamyunet,215318772.jpg,1289
dataset/Combined Dataset/train/kamyunet/215345300.jpg,kamyunet,215345300.jpg,1318
dataset/Combined Dataset/train/kamyunet/215569155.jpg,kamyunet,215569155.jpg,1319
dataset/Combined Dataset/train/kamyunet/215569282.jpg,kamyunet,215569282.jpg,1320
dataset/Combined Dataset/train/kamyunet/215576573.jpg,kamyunet,215576573.jpg,1321
dataset/Combined Dataset/train/kamyunet/215579018.jpg,kamyunet,215579018.jpg,1322
dataset/Combined Dataset/train/kamyunet/215581412.jpg,kamyunet,215581412.jpg,1323
dataset/Combined Dataset/train/kamyunet/215589180.jpg,kamyunet,215589180.jpg,1324
dataset/Combined Dataset/train/kamyunet/215600811.jpg,kamyunet,215600811.jpg,1325
dataset/Combined Dataset/train/kamyunet/215612697.jpg,kamyunet,215612697.jpg,1326
dataset/Combined Dataset/train/kamyunet/215613977.jpg,kamyunet,215613977.jpg,1327
dataset/Combined Dataset/train/kamyunet/215618855.jpg,kamyunet,215618855.jpg,1328
dataset/Combined Dataset/train/kamyunet/215628455.jpg,kamyunet,215628455.jpg,1329
dataset/Combined Dataset/train/kamyunet/215628593.jpg,kamyunet,215628593.jpg,1330
dataset/Combined Dataset/train/kamyunet/215635130.jpg,kamyunet,215635130.jpg,1331
dataset/Combined Dataset/train/kamyunet/215647485.jpg,kamyunet,215647485.jpg,1332
dataset/Combined Dataset/train/kamyunet/215671765.jpg,kamyunet,215671765.jpg,1333
dataset/Combined Dataset/train/kamyunet/215676546.jpg,kamyunet,215676546.jpg,1334
dataset/Combined Dataset/train/kamyunet/215685158.jpg,kamyunet,215685158.jpg,1335
dataset/Combined Dataset/train/kamyunet/215687118.jpg,kamyunet,215687118.jpg,1336
dataset/Combined Dataset/train/kamyunet/215687961.jpg,kamyunet,215687961.jpg,1337
dataset/Combined Dataset/train/kamyunet/215692883.jpg,kamyunet,215692883.jpg,1338
dataset/Combined Dataset/train/kamyunet/215699541.jpg,kamyunet,215699541.jpg,1339
dataset/Combined Dataset/train/kamyunet/215708185.jpg,kamyunet,215708185.jpg,1340
dataset/Combined Dataset/train/kamyunet/215715240.jpg,kamyunet,215715240.jpg,1341
dataset/Combined Dataset/train/kamyunet/215716022.jpg,kamyunet,215716022.jpg,1342
dataset/Combined Dataset/train/kamyunet/215721968.jpg,kamyunet,215721968.jpg,1343
dataset/Combined Dataset/train/kamyunet/215724393.jpg,kamyunet,215724393.jpg,1344
dataset/Combined Dataset/train/kamyunet/215725553.jpg,kamyunet,215725553.jpg,1345
dataset/Combined Dataset/train/kamyunet/215726793.jpg,kamyunet,215726793.jpg,1346
dataset/Combined Dataset/train/kamyunet/215739554.jpg,kamyunet,215739554.jpg,1347
dataset/Combined Dataset/train/kamyunet/215756767.jpg,kamyunet,215756767.jpg,1348
dataset/Combined Dataset/train/kamyunet/215757279.jpg,kamyunet,215757279.jpg,1349
dataset/Combined Dataset/train/kamyunet/215772684.jpg,kamyunet,215772684.jpg,1350
dataset/Combined Dataset/train/kamyunet/215772828.jpg,kamyunet,215772828.jpg,1351
dataset/Combined Dataset/train/kamyunet/215780691.jpg,kamyunet,215780691.jpg,1352
dataset/Combined Dataset/train/kamyunet/215789530.jpg,kamyunet,215789530.jpg,1353
dataset/Combined Dataset/train/kamyunet/215795207.jpg,kamyunet,215795207.jpg,1354
dataset/Combined Dataset/train/kamyunet/215801211.jpg,kamyunet,215801211.jpg,1355
dataset/Combined Dataset/train/kamyunet/215805277.jpg,kamyunet,215805277.jpg,1356
dataset/Combined Dataset/train/kamyunet/215805284.jpg,kamyunet,215805284.jpg,1357
dataset/Combined Dataset/train/kamyunet/215809055.jpg,kamyunet,215809055.jpg,1358
dataset/Combined Dataset/train/kamyunet/215814774.jpg,kamyunet,215814774.jpg,1359
dataset/Combined Dataset/train/kamyunet/215816828.jpg,kamyunet,215816828.jpg,1360
dataset/Combined Dataset/train/kamyunet/215825393.jpg,kamyunet,215825393.jpg,1361
dataset/Combined Dataset/train/kamyunet/215829451.jpg,kamyunet,215829451.jpg,1362
dataset/Combined Dataset/train/kamyunet/215839717.jpg,kamyunet,215839717.jpg,1363
dataset/Combined Dataset/train/kamyunet/215847280.jpg,kamyunet,215847280.jpg,1364
dataset/Combined Dataset/train/kamyunet/215849760.jpg,kamyunet,215849760.jpg,1365
dataset/Combined Dataset/train/kamyunet/215856019.jpg,kamyunet,215856019.jpg,1366
dataset/Combined Dataset/train/kamyunet/215862632.jpg,kamyunet,215862632.jpg,1367
dataset/Combined Dataset/train/kamyunet/215871113.jpg,kamyunet,215871113.jpg,1368
dataset/Combined Dataset/train/kamyunet/215884288.jpg,kamyunet,215884288.jpg,1369
dataset/Combined Dataset/train/kamyunet/215888901.jpg,kamyunet,215888901.jpg,1370
dataset/Combined Dataset/train/kamyunet/215893105.jpg,kamyunet,215893105.jpg,1371
dataset/Combined Dataset/train/kamyunet/215904707.jpg,kamyunet,215904707.jpg,1372
dataset/Combined Dataset/train/kamyunet/215906129.jpg,kamyunet,215906129.jpg,1373
dataset/Combined Dataset/train/kamyunet/215906143.jpg,kamyunet,215906143.jpg,1374
dataset/Combined Dataset/train/kamyunet/215916570.jpg,kamyunet,215916570.jpg,1375
dataset/Combined Dataset/train/kamyunet/215917528.jpg,kamyunet,215917528.jpg,1376
dataset/Combined Dataset/train/kamyunet/215946155.jpg,kamyunet,215946155.jpg,1377
dataset/Combined Dataset/train/kamyunet/215951406.jpg,kamyunet,215951406.jpg,1378
dataset/Combined Dataset/train/kamyunet/215951709.jpg,kamyunet,215951709.jpg,1379
dataset/Combined Dataset/train/kamyunet/215953828.jpg,kamyunet,215953828.jpg,1380
dataset/Combined Dataset/train/kamyunet/215961412.jpg,kamyunet,215961412.jpg,1381
dataset/Combined Dataset/train/kamyunet/215989790.jpg,kamyunet,215989790.jpg,1382
dataset/Combined Dataset/train/kamyunet/215989939.jpg,kamyunet,215989939.jpg,1383
dataset/Combined Dataset/train/kamyunet/216006559.jpg,kamyunet,216006559.jpg,1384
dataset/Combined Dataset/train/kamyunet/216008162.jpg,kamyunet,216008162.jpg,1385
dataset/Combined Dataset/train/kamyunet/216010811.jpg,kamyunet,216010811.jpg,1386
dataset/Combined Dataset/train/kamyunet/216013680.jpg,kamyunet,216013680.jpg,1387
dataset/Combined Dataset/train/kamyunet/216019031.jpg,kamyunet,216019031.jpg,1388
dataset/Combined Dataset/train/kamyunet/216022236.jpg,kamyunet,216022236.jpg,1389
dataset/Combined Dataset/train/kamyunet/216023451.jpg,kamyunet,216023451.jpg,1390
dataset/Combined Dataset/train/kamyunet/216026504.jpg,kamyunet,216026504.jpg,1391
dataset/Combined Dataset/train/kamyunet/216027967.jpg,kamyunet,216027967.jpg,1392
dataset/Combined Dataset/train/kamyunet/216030677.jpg,kamyunet,216030677.jpg,1393
dataset/Combined Dataset/train/kamyunet/216034688.jpg,kamyunet,216034688.jpg,1394
dataset/Combined Dataset/train/kamyunet/216035343.jpg,kamyunet,216035343.jpg,1395
dataset/Combined Dataset/train/kamyunet/216038703.jpg,kamyunet,216038703.jpg,1396
dataset/Combined Dataset/train/kamyunet/216039206.jpg,kamyunet,216039206.jpg,1397
dataset/Combined Dataset/train/kamyunet/216039996.jpg,kamyunet,216039996.jpg,1398
dataset/Combined Dataset/train/kamyunet/216040476.jpg,kamyunet,216040476.jpg,1399
dataset/Combined Dataset/train/kamyunet/216045038.jpg,kamyunet,216045038.jpg,1400
dataset/Combined Dataset/train/kamyunet/216045130.jpg,kamyunet,216045130.jpg,1401
dataset/Combined Dataset/train/kamyunet/216045870.jpg,kamyunet,216045870.jpg,1402
dataset/Combined Dataset/train/kamyunet/216048031.jpg,kamyunet,216048031.jpg,1403
dataset/Combined Dataset/train/kamyunet/216048837.jpg,kamyunet,216048837.jpg,1404
dataset/Combined Dataset/train/kamyunet/216050933.jpg,kamyunet,216050933.jpg,1405
dataset/Combined Dataset/train/kamyunet/216070131.jpg,kamyunet,216070131.jpg,1406
dataset/Combined Dataset/train/kamyunet/216071433.jpg,kamyunet,216071433.jpg,1407
dataset/Combined Dataset/train/kamyunet/216084425.jpg,kamyunet,216084425.jpg,1408
dataset/Combined Dataset/train/kamyunet/216086881.jpg,kamyunet,216086881.jpg,1409
dataset/Combined Dataset/train/kamyunet/216088991.jpg,kamyunet,216088991.jpg,1410
dataset/Combined Dataset/train/kamyunet/216104417.jpg,kamyunet,216104417.jpg,1411
dataset/Combined Dataset/train/kamyunet/216114804.jpg,kamyunet,216114804.jpg,1412
dataset/Combined Dataset/train/kamyunet/216130239.jpg,kamyunet,216130239.jpg,1413
dataset/Combined Dataset/train/kamyunet/216133020.jpg,kamyunet,216133020.jpg,1414
dataset/Combined Dataset/train/kamyunet/216147955.jpg,kamyunet,216147955.jpg,1415
dataset/Combined Dataset/train/kamyunet/216151124.jpg,kamyunet,216151124.jpg,1416
dataset/Combined Dataset/train/kamyunet/216158404.jpg,kamyunet,216158404.jpg,1417
dataset/Combined Dataset/train/kamyunet/216199187.jpg,kamyunet,216199187.jpg,1418
dataset/Combined Dataset/train/kamyunet/216212208.jpg,kamyunet,216212208.jpg,1419
dataset/Combined Dataset/train/kamyunet/216223738.jpg,kamyunet,216223738.jpg,1420
dataset/Combined Dataset/train/kamyunet/216224608.jpg,kamyunet,216224608.jpg,1421
dataset/Combined Dataset/train/kamyunet/216230183.jpg,kamyunet,216230183.jpg,1422
dataset/Combined Dataset/train/kamyunet/216293604.jpg,kamyunet,216293604.jpg,1423
dataset/Combined Dataset/train/kamyunet/216297399.jpg,kamyunet,216297399.jpg,1424
dataset/Combined Dataset/train/kamyunet/216304874.jpg,kamyunet,216304874.jpg,1425
dataset/Combined Dataset/train/kamyunet/216317142.jpg,kamyunet,216317142.jpg,1426
dataset/Combined Dataset/train/kamyunet/216318337.jpg,kamyunet,216318337.jpg,1427
dataset/Combined Dataset/train/kamyunet/216319937.jpg,kamyunet,216319937.jpg,1428
dataset/Combined Dataset/train/kamyunet/216323557.jpg,kamyunet,216323557.jpg,1429
dataset/Combined Dataset/train/kamyunet/216392196.jpg,kamyunet,216392196.jpg,1430
dataset/Combined Dataset/train/kamyunet/216417572.jpg,kamyunet,216417572.jpg,1431
dataset/Combined Dataset/train/kamyunet/216428687.jpg,kamyunet,216428687.jpg,1432
dataset/Combined Dataset/train/kamyunet/216430042.jpg,kamyunet,216430042.jpg,1433
dataset/Combined Dataset/train/kamyunet/216433007.jpg,kamyunet,216433007.jpg,1434
dataset/Combined Dataset/train/kamyunet/216446865.jpg,kamyunet,216446865.jpg,1435
dataset/Combined Dataset/train/kamyunet/216447524.jpg,kamyunet,216447524.jpg,1436
dataset/Combined Dataset/train/kamyunet/216450914.jpg,kamyunet,216450914.jpg,1437
dataset/Combined Dataset/train/kamyunet/216476063.jpg,kamyunet,216476063.jpg,1438
dataset/Combined Dataset/train/kamyunet/216480042.jpg,kamyunet,216480042.jpg,1439
dataset/Combined Dataset/train/kamyunet/216483357.jpg,kamyunet,216483357.jpg,1440
dataset/Combined Dataset/train/kamyunet/216484088.jpg,kamyunet,216484088.jpg,1441
dataset/Combined Dataset/train/kamyunet/216491496.jpg,kamyunet,216491496.jpg,1442
dataset/Combined Dataset/train/kamyunet/216496874.jpg,kamyunet,216496874.jpg,1443
dataset/Combined Dataset/train/kamyunet/216525295.jpg,kamyunet,216525295.jpg,1444
dataset/Combined Dataset/train/kamyunet/216526240.jpg,kamyunet,216526240.jpg,1445
dataset/Combined Dataset/train/kamyunet/216538122.jpg,kamyunet,216538122.jpg,1446
dataset/Combined Dataset/train/kamyunet/216539171.jpg,kamyunet,216539171.jpg,1447
dataset/Combined Dataset/train/kamyunet/216561920.jpg,kamyunet,216561920.jpg,1448
dataset/Combined Dataset/train/kamyunet/216563794.jpg,kamyunet,216563794.jpg,1449
dataset/Combined Dataset/train/kamyunet/216575329.jpg,kamyunet,216575329.jpg,1450
dataset/Combined Dataset/train/kamyunet/216578494.jpg,kamyunet,216578494.jpg,1451
dataset/Combined Dataset/train/kamyunet/216585734.jpg,kamyunet,216585734.jpg,1452
dataset/Combined Dataset/train/kamyunet/216589057.jpg,kamyunet,216589057.jpg,1453
dataset/Combined Dataset/train/kamyunet/216618023.jpg,kamyunet,216618023.jpg,1454
dataset/Combined Dataset/train/kamyunet/216618682.jpg,kamyunet,216618682.jpg,1455
dataset/Combined Dataset/train/kamyunet/216625819.jpg,kamyunet,216625819.jpg,1456
dataset/Combined Dataset/train/kamyunet/216628238.jpg,kamyunet,216628238.jpg,1457
dataset/Combined Dataset/train/kamyunet/216631549.jpg,kamyunet,216631549.jpg,1458
dataset/Combined Dataset/train/kamyunet/216646196.jpg,kamyunet,216646196.jpg,1459
dataset/Combined Dataset/train/kamyunet/216648866.jpg,kamyunet,216648866.jpg,1460
dataset/Combined Dataset/train/kamyunet/216673880.jpg,kamyunet,216673880.jpg,1461
dataset/Combined Dataset/train/kamyunet/216696969.jpg,kamyunet,216696969.jpg,1462
dataset/Combined Dataset/train/kamyunet/216697023.jpg,kamyunet,216697023.jpg,1463
dataset/Combined Dataset/train/kamyunet/216699823.jpg,kamyunet,216699823.jpg,1464
dataset/Combined Dataset/train/kamyunet/216710667.jpg,kamyunet,216710667.jpg,1465
dataset/Combined Dataset/train/kamyunet/216733938.jpg,kamyunet,216733938.jpg,1466
dataset/Combined Dataset/train/kamyunet/216737299.jpg,kamyunet,216737299.jpg,1467
dataset/Combined Dataset/train/kamyunet/216738258.jpg,kamyunet,216738258.jpg,1468
dataset/Combined Dataset/train/kamyunet/216742207.jpg,kamyunet,216742207.jpg,1469
dataset/Combined Dataset/train/kamyunet/216748572.jpg,kamyunet,216748572.jpg,1470
dataset/Combined Dataset/train/kamyunet/216751610.jpg,kamyunet,216751610.jpg,1471
dataset/Combined Dataset/train/kamyunet/216759709.jpg,kamyunet,216759709.jpg,1472
dataset/Combined Dataset/train/kamyunet/216761927.jpg,kamyunet,216761927.jpg,1473
dataset/Combined Dataset/train/kamyunet/216763745.jpg,kamyunet,216763745.jpg,1474
dataset/Combined Dataset/train/kamyunet/216769772.jpg,kamyunet,216769772.jpg,1475
dataset/Combined Dataset/train/kamyunet/216771096.jpg,kamyunet,216771096.jpg,1476
dataset/Combined Dataset/train/kamyunet/216779130.jpg,kamyunet,216779130.jpg,1477
dataset/Combined Dataset/train/kamyunet/216779337.jpg,kamyunet,216779337.jpg,1478
dataset/Combined Dataset/train/kamyunet/216790354.jpg,kamyunet,216790354.jpg,1479
dataset/Combined Dataset/train/kamyunet/216792837.jpg,kamyunet,216792837.jpg,1480
dataset/Combined Dataset/train/kamyunet/216801664.jpg,kamyunet,216801664.jpg,1481
dataset/Combined Dataset/train/kamyunet/216808886.jpg,kamyunet,216808886.jpg,1482
dataset/Combined Dataset/train/kamyunet/216816286.jpg,kamyunet,216816286.jpg,1483
dataset/Combined Dataset/train/kamyunet/216822835.jpg,kamyunet,216822835.jpg,1484
dataset/Combined Dataset/train/kamyunet/216829724.jpg,kamyunet,216829724.jpg,1485
dataset/Combined Dataset/train/kamyunet/216830421.jpg,kamyunet,216830421.jpg,1486
dataset/Combined Dataset/train/kamyunet/216832169.jpg,kamyunet,216832169.jpg,1487
dataset/Combined Dataset/train/kamyunet/216833735.jpg,kamyunet,216833735.jpg,1488
dataset/Combined Dataset/train/kamyunet/216835885.jpg,kamyunet,216835885.jpg,1489
dataset/Combined Dataset/train/kamyunet/216847004.jpg,kamyunet,216847004.jpg,1490
dataset/Combined Dataset/train/kamyunet/216850292.jpg,kamyunet,216850292.jpg,1491
dataset/Combined Dataset/train/kamyunet/216857360.jpg,kamyunet,216857360.jpg,1492
dataset/Combined Dataset/train/kamyunet/216864100.jpg,kamyunet,216864100.jpg,1493
dataset/Combined Dataset/train/kamyunet/216892357.jpg,kamyunet,216892357.jpg,1494
dataset/Combined Dataset/train/kamyunet/216904183.jpg,kamyunet,216904183.jpg,1495
dataset/Combined Dataset/train/kamyunet/216909763.jpg,kamyunet,216909763.jpg,1496
dataset/Combined Dataset/train/kamyunet/216916842.jpg,kamyunet,216916842.jpg,1497
dataset/Combined Dataset/train/kamyunet/216926294.jpg,kamyunet,216926294.jpg,1498
dataset/Combined Dataset/train/kamyunet/216929918.jpg,kamyunet,216929918.jpg,1499
dataset/Combined Dataset/train/kamyunet/216930847.jpg,kamyunet,216930847.jpg,1500
dataset/Combined Dataset/train/kamyunet/216934910.jpg,kamyunet,216934910.jpg,1501
dataset/Combined Dataset/train/kamyunet/216941617.jpg,kamyunet,216941617.jpg,1502
dataset/Combined Dataset/train/kamyunet/216964385.jpg,kamyunet,216964385.jpg,1503
dataset/Combined Dataset/train/kamyunet/216972904.jpg,kamyunet,216972904.jpg,1504
dataset/Combined Dataset/train/kamyunet/216973054.jpg,kamyunet,216973054.jpg,1505
dataset/Combined Dataset/train/kamyunet/216977256.jpg,kamyunet,216977256.jpg,1506
dataset/Combined Dataset/train/kamyunet/216984093.jpg,kamyunet,216984093.jpg,1507
dataset/Combined Dataset/train/kamyunet/216984996.jpg,kamyunet,216984996.jpg,1508
dataset/Combined Dataset/train/kamyunet/217000128.jpg,kamyunet,217000128.jpg,1509
dataset/Combined Dataset/train/kamyunet/217007653.jpg,kamyunet,217007653.jpg,1510
dataset/Combined Dataset/train/kamyunet/217008010.jpg,kamyunet,217008010.jpg,1511
dataset/Combined Dataset/train/kamyunet/217008914.jpg,kamyunet,217008914.jpg,1512
dataset/Combined Dataset/train/kamyunet/217024570.jpg,kamyunet,217024570.jpg,1513
dataset/Combined Dataset/train/kamyunet/217031137.jpg,kamyunet,217031137.jpg,1514
dataset/Combined Dataset/train/kamyunet/217031973.jpg,kamyunet,217031973.jpg,1515
dataset/Combined Dataset/train/kamyunet/217052078.jpg,kamyunet,217052078.jpg,1516
dataset/Combined Dataset/train/kamyunet/217054200.jpg,kamyunet,217054200.jpg,1517
dataset/Combined Dataset/train/kamyunet/217054853.jpg,kamyunet,217054853.jpg,1518
dataset/Combined Dataset/train/kamyunet/217064296.jpg,kamyunet,217064296.jpg,1519
dataset/Combined Dataset/train/kamyunet/217067503.jpg,kamyunet,217067503.jpg,1520
dataset/Combined Dataset/train/kamyunet/217083046.jpg,kamyunet,217083046.jpg,1521
dataset/Combined Dataset/train/kamyunet/217140921.jpg,kamyunet,217140921.jpg,1522
dataset/Combined Dataset/train/kamyunet/217143476.jpg,kamyunet,217143476.jpg,1523
dataset/Combined Dataset/train/kamyunet/217154686.jpg,kamyunet,217154686.jpg,1524
dataset/Combined Dataset/train/kamyunet/217156552.jpg,kamyunet,217156552.jpg,1525
dataset/Combined Dataset/train/kamyunet/217185484.jpg,kamyunet,217185484.jpg,1526
dataset/Combined Dataset/train/kamyunet/217189003.jpg,kamyunet,217189003.jpg,1527
dataset/Combined Dataset/train/kamyunet/217189439.jpg,kamyunet,217189439.jpg,1528
dataset/Combined Dataset/train/kamyunet/217193298.jpg,kamyunet,217193298.jpg,1529
dataset/Combined Dataset/train/kamyunet/217194325.jpg,kamyunet,217194325.jpg,1530
dataset/Combined Dataset/train/kamyunet/217195459.jpg,kamyunet,217195459.jpg,1531
dataset/Combined Dataset/train/kamyunet/217199468.jpg,kamyunet,217199468.jpg,1532
dataset/Combined Dataset/train/kamyunet/217202775.jpg,kamyunet,217202775.jpg,1533
dataset/Combined Dataset/train/kamyunet/217203031.jpg,kamyunet,217203031.jpg,1534
dataset/Combined Dataset/train/kamyunet/217203351.jpg,kamyunet,217203351.jpg,1535
dataset/Combined Dataset/train/kamyunet/217206646.jpg,kamyunet,217206646.jpg,1536
dataset/Combined Dataset/train/kamyunet/217219987.jpg,kamyunet,217219987.jpg,1537
dataset/Combined Dataset/train/kamyunet/217314647.jpg,kamyunet,217314647.jpg,1538
dataset/Combined Dataset/train/kamyunet/217328161.jpg,kamyunet,217328161.jpg,1539
dataset/Combined Dataset/train/kamyunet/217341470.jpg,kamyunet,217341470.jpg,1540
dataset/Combined Dataset/train/kamyunet/217350352.jpg,kamyunet,217350352.jpg,1541
dataset/Combined Dataset/train/kamyunet/217381231.jpg,kamyunet,217381231.jpg,1542
dataset/Combined Dataset/train/kamyunet/217385379.jpg,kamyunet,217385379.jpg,1543
dataset/Combined Dataset/train/kamyunet/217393780.jpg,kamyunet,217393780.jpg,1544
dataset/Combined Dataset/train/kamyunet/217404366.jpg,kamyunet,217404366.jpg,1545
dataset/Combined Dataset/train/kamyunet/217425322.jpg,kamyunet,217425322.jpg,1546
dataset/Combined Dataset/train/kamyunet/217558245.jpg,kamyunet,217558245.jpg,1547
dataset/Combined Dataset/train/kamyunet/217624081.jpg,kamyunet,217624081.jpg,1548
dataset/Combined Dataset/train/kamyunet/217644872.jpg,kamyunet,217644872.jpg,1549
dataset/Combined Dataset/train/kamyunet/217685543.jpg,kamyunet,217685543.jpg,1550
dataset/Combined Dataset/train/kamyunet/217739639.jpg,kamyunet,217739639.jpg,1551
dataset/Combined Dataset/train/kamyunet/217743945.jpg,kamyunet,217743945.jpg,1552
dataset/Combined Dataset/train/kamyunet/217760085.jpg,kamyunet,217760085.jpg,1553
dataset/Combined Dataset/train/kamyunet/217762819.jpg,kamyunet,217762819.jpg,1554
dataset/Combined Dataset/train/kamyunet/217762838.jpg,kamyunet,217762838.jpg,1555
dataset/Combined Dataset/train/kamyunet/217763231.jpg,kamyunet,217763231.jpg,1556
dataset/Combined Dataset/train/kamyunet/217780037.jpg,kamyunet,217780037.jpg,1557
dataset/Combined Dataset/train/kamyunet/217791052.jpg,kamyunet,217791052.jpg,1558
dataset/Combined Dataset/train/kamyunet/217791346.jpg,kamyunet,217791346.jpg,1559
dataset/Combined Dataset/train/kamyunet/217795203.jpg,kamyunet,217795203.jpg,1560
dataset/Combined Dataset/train/kamyunet/217800606.jpg,kamyunet,217800606.jpg,1561
dataset/Combined Dataset/train/kamyunet/217801280.jpg,kamyunet,217801280.jpg,1562
dataset/Combined Dataset/train/kamyunet/217801992.jpg,kamyunet,217801992.jpg,1563
dataset/Combined Dataset/train/kamyunet/217804557.jpg,kamyunet,217804557.jpg,1564
dataset/Combined Dataset/train/kamyunet/217807697.jpg,kamyunet,217807697.jpg,1565
dataset/Combined Dataset/train/kamyunet/217812444.jpg,kamyunet,217812444.jpg,1566
dataset/Combined Dataset/train/kamyunet/217831667.jpg,kamyunet,217831667.jpg,1567
dataset/Combined Dataset/train/kamyunet/217859902.jpg,kamyunet,217859902.jpg,1568
dataset/Combined Dataset/train/kamyunet/217880543.jpg,kamyunet,217880543.jpg,1569
dataset/Combined Dataset/train/kamyunet/217894393.jpg,kamyunet,217894393.jpg,1570
dataset/Combined Dataset/train/kamyunet/217895269.jpg,kamyunet,217895269.jpg,1571
dataset/Combined Dataset/train/kamyunet/217914514.jpg,kamyunet,217914514.jpg,1572
dataset/Combined Dataset/train/kamyunet/217930620.jpg,kamyunet,217930620.jpg,1573
dataset/Combined Dataset/train/kamyunet/217933127.jpg,kamyunet,217933127.jpg,1574
dataset/Combined Dataset/train/kamyunet/217948136.jpg,kamyunet,217948136.jpg,1575
dataset/Combined Dataset/train/kamyunet/217957818.jpg,kamyunet,217957818.jpg,1576
dataset/Combined Dataset/train/kamyunet/217957904.jpg,kamyunet,217957904.jpg,1577
dataset/Combined Dataset/train/kamyunet/217958045.jpg,kamyunet,217958045.jpg,1578
dataset/Combined Dataset/train/kamyunet/217970390.jpg,kamyunet,217970390.jpg,1579
dataset/Combined Dataset/train/kamyunet/217986709.jpg,kamyunet,217986709.jpg,1580
dataset/Combined Dataset/train/kamyunet/217998174.jpg,kamyunet,217998174.jpg,1581
dataset/Combined Dataset/train/kamyunet/217999922.jpg,kamyunet,217999922.jpg,1582
dataset/Combined Dataset/train/kamyunet/218007427.jpg,kamyunet,218007427.jpg,1583
dataset/Combined Dataset/train/kamyunet/218018419.jpg,kamyunet,218018419.jpg,1584
dataset/Combined Dataset/train/kamyunet/218020793.jpg,kamyunet,218020793.jpg,1585
dataset/Combined Dataset/train/kamyunet/218063376.jpg,kamyunet,218063376.jpg,1586
dataset/Combined Dataset/train/kamyunet/218063876.jpg,kamyunet,218063876.jpg,1587
dataset/Combined Dataset/train/kamyunet/218064792.jpg,kamyunet,218064792.jpg,1588
dataset/Combined Dataset/train/kamyunet/218065087.jpg,kamyunet,218065087.jpg,1589
dataset/Combined Dataset/train/kamyunet/218071562.jpg,kamyunet,218071562.jpg,1590
dataset/Combined Dataset/train/kamyunet/218078546.jpg,kamyunet,218078546.jpg,1591
dataset/Combined Dataset/train/kamyunet/218083651.jpg,kamyunet,218083651.jpg,1592
dataset/Combined Dataset/train/kamyunet/218107237.jpg,kamyunet,218107237.jpg,1593
dataset/Combined Dataset/train/kamyunet/218130006.jpg,kamyunet,218130006.jpg,1594
dataset/Combined Dataset/train/kamyunet/218137882.jpg,kamyunet,218137882.jpg,1595
dataset/Combined Dataset/train/kamyunet/218154755.jpg,kamyunet,218154755.jpg,1596
dataset/Combined Dataset/train/kamyunet/218166349.jpg,kamyunet,218166349.jpg,1597
dataset/Combined Dataset/train/kamyunet/218167231.jpg,kamyunet,218167231.jpg,1598
dataset/Combined Dataset/train/kamyunet/218171998.jpg,kamyunet,218171998.jpg,1599
dataset/Combined Dataset/train/kamyunet/218176905.jpg,kamyunet,218176905.jpg,1600
dataset/Combined Dataset/train/kamyunet/218178501.jpg,kamyunet,218178501.jpg,1601
dataset/Combined Dataset/train/kamyunet/218181782.jpg,kamyunet,218181782.jpg,1602
dataset/Combined Dataset/train/kamyunet/218187809.jpg,kamyunet,218187809.jpg,1603
dataset/Combined Dataset/train/kamyunet/218189090.jpg,kamyunet,218189090.jpg,1604
dataset/Combined Dataset/train/kamyunet/218203951.jpg,kamyunet,218203951.jpg,1605
dataset/Combined Dataset/train/kamyunet/218206459.jpg,kamyunet,218206459.jpg,1606
dataset/Combined Dataset/train/kamyunet/218231967.jpg,kamyunet,218231967.jpg,1607
dataset/Combined Dataset/train/kamyunet/218259349.jpg,kamyunet,218259349.jpg,1608
dataset/Combined Dataset/train/kamyunet/218262985.jpg,kamyunet,218262985.jpg,1609
dataset/Combined Dataset/train/kamyunet/218263496.jpg,kamyunet,218263496.jpg,1610
dataset/Combined Dataset/train/kamyunet/218279230.jpg,kamyunet,218279230.jpg,1611
dataset/Combined Dataset/train/kamyunet/218312742.jpg,kamyunet,218312742.jpg,1612
dataset/Combined Dataset/train/kamyunet/218322871.jpg,kamyunet,218322871.jpg,1613
dataset/Combined Dataset/train/kamyunet/218324130.jpg,kamyunet,218324130.jpg,1614
dataset/Combined Dataset/train/kamyunet/218324880.jpg,kamyunet,218324880.jpg,1615
dataset/Combined Dataset/train/kamyunet/218365461.jpg,kamyunet,218365461.jpg,1616
dataset/Combined Dataset/train/kamyunet/218367749.jpg,kamyunet,218367749.jpg,1617
dataset/Combined Dataset/train/kamyunet/218375873.jpg,kamyunet,218375873.jpg,1618
dataset/Combined Dataset/train/kamyunet/218378715.jpg,kamyunet,218378715.jpg,1619
dataset/Combined Dataset/train/kamyunet/218391800.jpg,kamyunet,218391800.jpg,1620
dataset/Combined Dataset/train/kamyunet/218410038.jpg,kamyunet,218410038.jpg,1621
dataset/Combined Dataset/train/kamyunet/218431091.jpg,kamyunet,218431091.jpg,1622
dataset/Combined Dataset/train/kamyunet/218451178.jpg,kamyunet,218451178.jpg,1623
dataset/Combined Dataset/train/kamyunet/218482181.jpg,kamyunet,218482181.jpg,1624
dataset/Combined Dataset/train/kamyunet/218490161.jpg,kamyunet,218490161.jpg,1625
dataset/Combined Dataset/train/kamyunet/218510929.jpg,kamyunet,218510929.jpg,1626
dataset/Combined Dataset/train/kamyunet/218525760.jpg,kamyunet,218525760.jpg,1627
dataset/Combined Dataset/train/kamyunet/218532550.jpg,kamyunet,218532550.jpg,1628
dataset/Combined Dataset/train/kamyunet/218541002.jpg,kamyunet,218541002.jpg,1629
dataset/Combined Dataset/train/kamyunet/218555708.jpg,kamyunet,218555708.jpg,1630
dataset/Combined Dataset/train/kamyunet/218562521.jpg,kamyunet,218562521.jpg,1631
dataset/Combined Dataset/train/kamyunet/218562973.jpg,kamyunet,218562973.jpg,1632
dataset/Combined Dataset/train/kamyunet/218571589.jpg,kamyunet,218571589.jpg,1633
dataset/Combined Dataset/train/kamyunet/218572695.jpg,kamyunet,218572695.jpg,1634
dataset/Combined Dataset/train/kamyunet/218576473.jpg,kamyunet,218576473.jpg,1635
dataset/Combined Dataset/train/kamyunet/218583813.jpg,kamyunet,218583813.jpg,1636
dataset/Combined Dataset/train/kamyunet/218586502.jpg,kamyunet,218586502.jpg,1637
dataset/Combined Dataset/train/kamyunet/218587067.jpg,kamyunet,218587067.jpg,1638
dataset/Combined Dataset/train/kamyunet/218592622.jpg,kamyunet,218592622.jpg,1639
dataset/Combined Dataset/train/kamyunet/218594904.jpg,kamyunet,218594904.jpg,1640
dataset/Combined Dataset/train/kamyunet/218596985.jpg,kamyunet,218596985.jpg,1641
dataset/Combined Dataset/train/kamyunet/218607498.jpg,kamyunet,218607498.jpg,1642
dataset/Combined Dataset/train/kamyunet/218623319.jpg,kamyunet,218623319.jpg,1643
dataset/Combined Dataset/train/kamyunet/218624593.jpg,kamyunet,218624593.jpg,1644
dataset/Combined Dataset/train/kamyunet/218626203.jpg,kamyunet,218626203.jpg,1645
dataset/Combined Dataset/train/kamyunet/218644842.jpg,kamyunet,218644842.jpg,1646
dataset/Combined Dataset/train/kamyunet/218668096.jpg,kamyunet,218668096.jpg,1647
dataset/Combined Dataset/train/kamyunet/218683897.jpg,kamyunet,218683897.jpg,1648
dataset/Combined Dataset/train/kamyunet/218701441.jpg,kamyunet,218701441.jpg,1649
dataset/Combined Dataset/train/kamyunet/218712588.jpg,kamyunet,218712588.jpg,1650
dataset/Combined Dataset/train/kamyunet/218713895.jpg,kamyunet,218713895.jpg,1651
dataset/Combined Dataset/train/kamyunet/218714519.jpg,kamyunet,218714519.jpg,1652
dataset/Combined Dataset/train/kamyunet/218716430.jpg,kamyunet,218716430.jpg,1653
dataset/Combined Dataset/train/kamyunet/218719224.jpg,kamyunet,218719224.jpg,1654
dataset/Combined Dataset/train/kamyunet/218719693.jpg,kamyunet,218719693.jpg,1655
dataset/Combined Dataset/train/kamyunet/218720188.jpg,kamyunet,218720188.jpg,1656
dataset/Combined Dataset/train/kamyunet/218721747.jpg,kamyunet,218721747.jpg,1657
dataset/Combined Dataset/train/kamyunet/218722185.jpg,kamyunet,218722185.jpg,1658
dataset/Combined Dataset/train/kamyunet/218723178.jpg,kamyunet,218723178.jpg,1659
dataset/Combined Dataset/train/kamyunet/218726050.jpg,kamyunet,218726050.jpg,1660
dataset/Combined Dataset/train/kamyunet/218726135.jpg,kamyunet,218726135.jpg,1661
dataset/Combined Dataset/train/kamyunet/218727216.jpg,kamyunet,218727216.jpg,1662
dataset/Combined Dataset/train/kamyunet/218729757.jpg,kamyunet,218729757.jpg,1663
dataset/Combined Dataset/train/kamyunet/218731934.jpg,kamyunet,218731934.jpg,1664
dataset/Combined Dataset/train/kamyunet/218733055.jpg,kamyunet,218733055.jpg,1665
dataset/Combined Dataset/train/kamyunet/218755560.jpg,kamyunet,218755560.jpg,1666
dataset/Combined Dataset/train/kamyunet/218756122.jpg,kamyunet,218756122.jpg,1667
dataset/Combined Dataset/train/kamyunet/218756357.jpg,kamyunet,218756357.jpg,1668
dataset/Combined Dataset/train/kamyunet/218760762.jpg,kamyunet,218760762.jpg,1669
dataset/Combined Dataset/train/kamyunet/218764401.jpg,kamyunet,218764401.jpg,1670
dataset/Combined Dataset/train/kamyunet/218777039.jpg,kamyunet,218777039.jpg,1671
dataset/Combined Dataset/train/kamyunet/218778629.jpg,kamyunet,218778629.jpg,1672
dataset/Combined Dataset/train/kamyunet/218793846.jpg,kamyunet,218793846.jpg,1673
dataset/Combined Dataset/train/kamyunet/218804409.jpg,kamyunet,218804409.jpg,1674
dataset/Combined Dataset/train/kamyunet/218804420.jpg,kamyunet,218804420.jpg,1675
dataset/Combined Dataset/train/kamyunet/218812826.jpg,kamyunet,218812826.jpg,1676
dataset/Combined Dataset/train/kamyunet/218813969.jpg,kamyunet,218813969.jpg,1677
dataset/Combined Dataset/train/kamyunet/218825517.jpg,kamyunet,218825517.jpg,1678
dataset/Combined Dataset/train/kamyunet/218827750.jpg,kamyunet,218827750.jpg,1679
dataset/Combined Dataset/train/kamyunet/218839669.jpg,kamyunet,218839669.jpg,1680
dataset/Combined Dataset/train/kamyunet/218855953.jpg,kamyunet,218855953.jpg,1681
dataset/Combined Dataset/train/kamyunet/218866893.jpg,kamyunet,218866893.jpg,1682
dataset/Combined Dataset/train/kamyunet/218872188.jpg,kamyunet,218872188.jpg,1683
dataset/Combined Dataset/train/kamyunet/218878704.jpg,kamyunet,218878704.jpg,1684
dataset/Combined Dataset/train/kamyunet/218884519.jpg,kamyunet,218884519.jpg,1685
dataset/Combined Dataset/train/kamyunet/218884618.jpg,kamyunet,218884618.jpg,1686
dataset/Combined Dataset/train/kamyunet/218892809.jpg,kamyunet,218892809.jpg,1687
dataset/Combined Dataset/train/kamyunet/218894134.jpg,kamyunet,218894134.jpg,1688
dataset/Combined Dataset/train/kamyunet/218903080.jpg,kamyunet,218903080.jpg,1689
dataset/Combined Dataset/train/kamyunet/218906168.jpg,kamyunet,218906168.jpg,1690
dataset/Combined Dataset/train/kamyunet/218913388.jpg,kamyunet,218913388.jpg,1691
dataset/Combined Dataset/train/kamyunet/218931630.jpg,kamyunet,218931630.jpg,1692
dataset/Combined Dataset/train/kamyunet/218931656.jpg,kamyunet,218931656.jpg,1693
dataset/Combined Dataset/train/kamyunet/218935445.jpg,kamyunet,218935445.jpg,1694
dataset/Combined Dataset/train/kamyunet/218936367.jpg,kamyunet,218936367.jpg,1695
dataset/Combined Dataset/train/kamyunet/218946635.jpg,kamyunet,218946635.jpg,1696
dataset/Combined Dataset/train/kamyunet/218948404.jpg,kamyunet,218948404.jpg,1697
dataset/Combined Dataset/train/kamyunet/218951158.jpg,kamyunet,218951158.jpg,1698
dataset/Combined Dataset/train/kamyunet/218955796.jpg,kamyunet,218955796.jpg,1699
dataset/Combined Dataset/train/kamyunet/218963215.jpg,kamyunet,218963215.jpg,1700
dataset/Combined Dataset/train/kamyunet/218963223.jpg,kamyunet,218963223.jpg,1701
dataset/Combined Dataset/train/kamyunet/218965460.jpg,kamyunet,218965460.jpg,1702
dataset/Combined Dataset/train/kamyunet/218967036.jpg,kamyunet,218967036.jpg,1703
dataset/Combined Dataset/train/kamyunet/218968655.jpg,kamyunet,218968655.jpg,1704
dataset/Combined Dataset/train/kamyunet/218970114.jpg,kamyunet,218970114.jpg,1705
dataset/Combined Dataset/train/kamyunet/218972329.jpg,kamyunet,218972329.jpg,1706
dataset/Combined Dataset/train/kamyunet/218973447.jpg,kamyunet,218973447.jpg,1707
dataset/Combined Dataset/train/kamyunet/218974741.jpg,kamyunet,218974741.jpg,1708
dataset/Combined Dataset/train/kamyunet/218977616.jpg,kamyunet,218977616.jpg,1709
dataset/Combined Dataset/train/kamyunet/218978195.jpg,kamyunet,218978195.jpg,1710
dataset/Combined Dataset/train/kamyunet/218979754.jpg,kamyunet,218979754.jpg,1711
dataset/Combined Dataset/train/kamyunet/218980442.jpg,kamyunet,218980442.jpg,1712
dataset/Combined Dataset/train/kamyunet/218983938.jpg,kamyunet,218983938.jpg,1713
dataset/Combined Dataset/train/kamyunet/218984358.jpg,kamyunet,218984358.jpg,1714
dataset/Combined Dataset/train/kamyunet/218984813.jpg,kamyunet,218984813.jpg,1715
dataset/Combined Dataset/train/kamyunet/218989880.jpg,kamyunet,218989880.jpg,1716
dataset/Combined Dataset/train/kamyunet/218991037.jpg,kamyunet,218991037.jpg,1717
dataset/Combined Dataset/train/kamyunet/219002808.jpg,kamyunet,219002808.jpg,1718
dataset/Combined Dataset/train/kamyunet/219008632.jpg,kamyunet,219008632.jpg,1719
dataset/Combined Dataset/train/kamyunet/219008707.jpg,kamyunet,219008707.jpg,1720
dataset/Combined Dataset/train/kamyunet/219011995.jpg,kamyunet,219011995.jpg,1721
dataset/Combined Dataset/train/kamyunet/219017445.jpg,kamyunet,219017445.jpg,1722
dataset/Combined Dataset/train/kamyunet/219021636.jpg,kamyunet,219021636.jpg,1723
dataset/Combined Dataset/train/kamyunet/219033619.jpg,kamyunet,219033619.jpg,1724
dataset/Combined Dataset/train/kamyunet/219055863.jpg,kamyunet,219055863.jpg,1725
dataset/Combined Dataset/train/kamyunet/219057756.jpg,kamyunet,219057756.jpg,1726
dataset/Combined Dataset/train/kamyunet/219060424.jpg,kamyunet,219060424.jpg,1727
dataset/Combined Dataset/train/kamyunet/219064884.jpg,kamyunet,219064884.jpg,1728
dataset/Combined Dataset/train/kamyunet/219066213.jpg,kamyunet,219066213.jpg,1729
dataset/Combined Dataset/train/kamyunet/219069952.jpg,kamyunet,219069952.jpg,1730
dataset/Combined Dataset/train/kamyunet/219070364.jpg,kamyunet,219070364.jpg,1731
dataset/Combined Dataset/train/kamyunet/219082928.jpg,kamyunet,219082928.jpg,1732
dataset/Combined Dataset/train/kamyunet/219089402.jpg,kamyunet,219089402.jpg,1733
dataset/Combined Dataset/train/kamyunet/219095831.jpg,kamyunet,219095831.jpg,1734
dataset/Combined Dataset/train/kamyunet/219107667.jpg,kamyunet,219107667.jpg,1735
dataset/Combined Dataset/train/kamyunet/219114546.jpg,kamyunet,219114546.jpg,1736
dataset/Combined Dataset/train/kamyunet/219118055.jpg,kamyunet,219118055.jpg,1737
dataset/Combined Dataset/train/kamyunet/219120783.jpg,kamyunet,219120783.jpg,1738
dataset/Combined Dataset/train/kamyunet/219126289.jpg,kamyunet,219126289.jpg,1739
dataset/Combined Dataset/train/minibus/193167614.jpg,minibus,193167614.jpg,1740
dataset/Combined Dataset/train/minibus/193746982.jpg,minibus,193746982.jpg,1741
dataset/Combined Dataset/train/minibus/193880181.jpg,minibus,193880181.jpg,1742
dataset/Combined Dataset/train/minibus/193927778.jpg,minibus,193927778.jpg,1743
dataset/Combined Dataset/train/minibus/194268546.jpg,minibus,194268546.jpg,1744
dataset/Combined Dataset/train/minibus/194314557.jpg,minibus,194314557.jpg,1745
dataset/Combined Dataset/train/minibus/194328969.jpg,minibus,194328969.jpg,1746
dataset/Combined Dataset/train/minibus/194357693.jpg,minibus,194357693.jpg,1747
dataset/Combined Dataset/train/minibus/194601918.jpg,minibus,194601918.jpg,1748
dataset/Combined Dataset/train/minibus/195315678.jpg,minibus,195315678.jpg,1749
dataset/Combined Dataset/train/minibus/195315739.jpg,minibus,195315739.jpg,1750
dataset/Combined Dataset/train/minibus/195418798.jpg,minibus,195418798.jpg,1751
dataset/Combined Dataset/train/minibus/195644491.jpg,minibus,195644491.jpg,1752
dataset/Combined Dataset/train/minibus/195904076.jpg,minibus,195904076.jpg,1753
dataset/Combined Dataset/train/minibus/196234914.jpg,minibus,196234914.jpg,1754
dataset/Combined Dataset/train/minibus/196261888.jpg,minibus,196261888.jpg,1755
dataset/Combined Dataset/train/minibus/196385182.jpg,minibus,196385182.jpg,1756
dataset/Combined Dataset/train/minibus/196386397.jpg,minibus,196386397.jpg,1757
dataset/Combined Dataset/train/minibus/196752594.jpg,minibus,196752594.jpg,1758
dataset/Combined Dataset/train/minibus/196994498.jpg,minibus,196994498.jpg,1759
dataset/Combined Dataset/train/minibus/197002715.jpg,minibus,197002715.jpg,1760
dataset/Combined Dataset/train/minibus/197142055.jpg,minibus,197142055.jpg,1761
dataset/Combined Dataset/train/minibus/197446621.jpg,minibus,197446621.jpg,1762
dataset/Combined Dataset/train/minibus/197490596.jpg,minibus,197490596.jpg,1763
dataset/Combined Dataset/train/minibus/197546828.jpg,minibus,197546828.jpg,1764
dataset/Combined Dataset/train/minibus/197688708.jpg,minibus,197688708.jpg,1765
dataset/Combined Dataset/train/minibus/197855728.jpg,minibus,197855728.jpg,1766
dataset/Combined Dataset/train/minibus/197892143.jpg,minibus,197892143.jpg,1767
dataset/Combined Dataset/train/minibus/198084245.jpg,minibus,198084245.jpg,1768
dataset/Combined Dataset/train/minibus/198100491.jpg,minibus,198100491.jpg,1769
dataset/Combined Dataset/train/minibus/198108578.jpg,minibus,198108578.jpg,1770
dataset/Combined Dataset/train/minibus/198120481.jpg,minibus,198120481.jpg,1771
dataset/Combined Dataset/train/minibus/198331521.jpg,minibus,198331521.jpg,1772
dataset/Combined Dataset/train/minibus/198398123.jpg,minibus,198398123.jpg,1773
dataset/Combined Dataset/train/minibus/198427263.jpg,minibus,198427263.jpg,1774
dataset/Combined Dataset/train/minibus/198432863.jpg,minibus,198432863.jpg,1775
dataset/Combined Dataset/train/minibus/198466093.jpg,minibus,198466093.jpg,1776
dataset/Combined Dataset/train/minibus/198472825.jpg,minibus,198472825.jpg,1777
dataset/Combined Dataset/train/minibus/198508755.jpg,minibus,198508755.jpg,1778
dataset/Combined Dataset/train/minibus/198606990.jpg,minibus,198606990.jpg,1779
dataset/Combined Dataset/train/minibus/198885269.jpg,minibus,198885269.jpg,1780
dataset/Combined Dataset/train/minibus/198885299.jpg,minibus,198885299.jpg,1781
dataset/Combined Dataset/train/minibus/199199766.jpg,minibus,199199766.jpg,1782
dataset/Combined Dataset/train/minibus/199656777.jpg,minibus,199656777.jpg,1783
dataset/Combined Dataset/train/minibus/200143097.jpg,minibus,200143097.jpg,1784
dataset/Combined Dataset/train/minibus/200463401.jpg,minibus,200463401.jpg,1785
dataset/Combined Dataset/train/minibus/200855721.jpg,minibus,200855721.jpg,1786
dataset/Combined Dataset/train/minibus/201364864.jpg,minibus,201364864.jpg,1787
dataset/Combined Dataset/train/minibus/202222574.jpg,minibus,202222574.jpg,1788
dataset/Combined Dataset/train/minibus/202350769.jpg,minibus,202350769.jpg,1789
dataset/Combined Dataset/train/minibus/203237495.jpg,minibus,203237495.jpg,1790
dataset/Combined Dataset/train/minibus/203238526.jpg,minibus,203238526.jpg,1791
dataset/Combined Dataset/train/minibus/203404935.jpg,minibus,203404935.jpg,1792
dataset/Combined Dataset/train/minibus/203431368.jpg,minibus,203431368.jpg,1793
dataset/Combined Dataset/train/minibus/203677139.jpg,minibus,203677139.jpg,1794
dataset/Combined Dataset/train/minibus/204276251.jpg,minibus,204276251.jpg,1795
dataset/Combined Dataset/train/minibus/204463987.jpg,minibus,204463987.jpg,1796
dataset/Combined Dataset/train/minibus/204541641.jpg,minibus,204541641.jpg,1797
dataset/Combined Dataset/train/minibus/204657780.jpg,minibus,204657780.jpg,1798
dataset/Combined Dataset/train/minibus/205180529.jpg,minibus,205180529.jpg,1799
dataset/Combined Dataset/train/minibus/205737488.jpg,minibus,205737488.jpg,1800
dataset/Combined Dataset/train/minibus/205763607.jpg,minibus,205763607.jpg,1801
dataset/Combined Dataset/train/minibus/205808255.jpg,minibus,205808255.jpg,1802
dataset/Combined Dataset/train/minibus/205817081.jpg,minibus,205817081.jpg,1803
dataset/Combined Dataset/train/minibus/205855305.jpg,minibus,205855305.jpg,1804
dataset/Combined Dataset/train/minibus/205866523.jpg,minibus,205866523.jpg,1805
dataset/Combined Dataset/train/minibus/205924190.jpg,minibus,205924190.jpg,1806
dataset/Combined Dataset/train/minibus/205924423.jpg,minibus,205924423.jpg,1805
dataset/Combined Dataset/train/minibus/205925639.jpg,minibus,205925639.jpg,1808
dataset/Combined Dataset/train/minibus/205925887.jpg,minibus,205925887.jpg,1809
dataset/Combined Dataset/train/minibus/205929260.jpg,minibus,205929260.jpg,1810
dataset/Combined Dataset/train/minibus/205929411.jpg,minibus,205929411.jpg,1811
dataset/Combined Dataset/train/minibus/205929471.jpg,minibus,205929471.jpg,1812
dataset/Combined Dataset/train/minibus/205929474.jpg,minibus,205929474.jpg,1813
dataset/Combined Dataset/train/minibus/205930284.jpg,minibus,205930284.jpg,1814
dataset/Combined Dataset/train/minibus/205936989.jpg,minibus,205936989.jpg,1815
dataset/Combined Dataset/train/minibus/205940443.jpg,minibus,205940443.jpg,1816
dataset/Combined Dataset/train/minibus/205941203.jpg,minibus,205941203.jpg,1817
dataset/Combined Dataset/train/minibus/205941237.jpg,minibus,205941237.jpg,1811
dataset/Combined Dataset/train/minibus/205942181.jpg,minibus,205942181.jpg,1819
dataset/Combined Dataset/train/minibus/205942776.jpg,minibus,205942776.jpg,1820
dataset/Combined Dataset/train/minibus/205944778.jpg,minibus,205944778.jpg,1821
dataset/Combined Dataset/train/minibus/206047844.jpg,minibus,206047844.jpg,1822
dataset/Combined Dataset/train/minibus/206058953.jpg,minibus,206058953.jpg,1823
dataset/Combined Dataset/train/minibus/206066058.jpg,minibus,206066058.jpg,1814
dataset/Combined Dataset/train/minibus/206067532.jpg,minibus,206067532.jpg,1825
dataset/Combined Dataset/train/minibus/206121407.jpg,minibus,206121407.jpg,1826
dataset/Combined Dataset/train/minibus/206169936.jpg,minibus,206169936.jpg,1827
dataset/Combined Dataset/train/minibus/206172277.jpg,minibus,206172277.jpg,1828
dataset/Combined Dataset/train/minibus/206182725.jpg,minibus,206182725.jpg,1829
dataset/Combined Dataset/train/minibus/206183245.jpg,minibus,206183245.jpg,1830
dataset/Combined Dataset/train/minibus/206185314.jpg,minibus,206185314.jpg,1831
dataset/Combined Dataset/train/minibus/206186624.jpg,minibus,206186624.jpg,1832
dataset/Combined Dataset/train/minibus/206187052.jpg,minibus,206187052.jpg,1831
dataset/Combined Dataset/train/minibus/206187093.jpg,minibus,206187093.jpg,1814
dataset/Combined Dataset/train/minibus/206187118.jpg,minibus,206187118.jpg,1835
dataset/Combined Dataset/train/minibus/206188796.jpg,minibus,206188796.jpg,1836
dataset/Combined Dataset/train/minibus/206190675.jpg,minibus,206190675.jpg,1830
dataset/Combined Dataset/train/minibus/206191662.jpg,minibus,206191662.jpg,1838
dataset/Combined Dataset/train/minibus/206192409.jpg,minibus,206192409.jpg,1839
dataset/Combined Dataset/train/minibus/206193278.jpg,minibus,206193278.jpg,1840
dataset/Combined Dataset/train/minibus/206253264.jpg,minibus,206253264.jpg,1841
dataset/Combined Dataset/train/minibus/206606436.jpg,minibus,206606436.jpg,1842
dataset/Combined Dataset/train/minibus/207309597.jpg,minibus,207309597.jpg,1843
dataset/Combined Dataset/train/minibus/207901769.jpg,minibus,207901769.jpg,1844
dataset/Combined Dataset/train/minibus/208050952.jpg,minibus,208050952.jpg,1845
dataset/Combined Dataset/train/minibus/210099617.jpg,minibus,210099617.jpg,1846
dataset/Combined Dataset/train/minibus/210100594.jpg,minibus,210100594.jpg,1847
dataset/Combined Dataset/train/minibus/210101333.jpg,minibus,210101333.jpg,1848
dataset/Combined Dataset/train/minibus/210102226.jpg,minibus,210102226.jpg,1849
dataset/Combined Dataset/train/minibus/210102500.jpg,minibus,210102500.jpg,1850
dataset/Combined Dataset/train/minibus/210102531.jpg,minibus,210102531.jpg,1851
dataset/Combined Dataset/train/minibus/210102777.jpg,minibus,210102777.jpg,1852
dataset/Combined Dataset/train/minibus/210105535.jpg,minibus,210105535.jpg,1853
dataset/Combined Dataset/train/minibus/210108171.jpg,minibus,210108171.jpg,1854
dataset/Combined Dataset/train/minibus/210125671.jpg,minibus,210125671.jpg,1855
dataset/Combined Dataset/train/minibus/210170230.jpg,minibus,210170230.jpg,1856
dataset/Combined Dataset/train/minibus/210270715.jpg,minibus,210270715.jpg,1857
dataset/Combined Dataset/train/minibus/210403775.jpg,minibus,210403775.jpg,1858
dataset/Combined Dataset/train/minibus/211051242.jpg,minibus,211051242.jpg,1859
dataset/Combined Dataset/train/minibus/211795475.jpg,minibus,211795475.jpg,1860
dataset/Combined Dataset/train/minibus/212142103.jpg,minibus,212142103.jpg,1861
dataset/Combined Dataset/train/minibus/212172157.jpg,minibus,212172157.jpg,1862
dataset/Combined Dataset/train/minibus/212475536.jpg,minibus,212475536.jpg,1863
dataset/Combined Dataset/train/minibus/212718337.jpg,minibus,212718337.jpg,1864
dataset/Combined Dataset/train/minibus/213030257.jpg,minibus,213030257.jpg,1865
dataset/Combined Dataset/train/minibus/213204770.jpg,minibus,213204770.jpg,1866
dataset/Combined Dataset/train/minibus/213277133.jpg,minibus,213277133.jpg,1867
dataset/Combined Dataset/train/minibus/213300430.jpg,minibus,213300430.jpg,1868
dataset/Combined Dataset/train/minibus/213411665.jpg,minibus,213411665.jpg,1869
dataset/Combined Dataset/train/minibus/213443859.jpg,minibus,213443859.jpg,1870
dataset/Combined Dataset/train/minibus/213619329.jpg,minibus,213619329.jpg,1871
dataset/Combined Dataset/train/minibus/213635219.jpg,minibus,213635219.jpg,1872
dataset/Combined Dataset/train/minibus/213777965.jpg,minibus,213777965.jpg,1873
dataset/Combined Dataset/train/minibus/213875524.jpg,minibus,213875524.jpg,1874
dataset/Combined Dataset/train/minibus/214045254.jpg,minibus,214045254.jpg,1875
dataset/Combined Dataset/train/minibus/214381211.jpg,minibus,214381211.jpg,1876
dataset/Combined Dataset/train/minibus/214494171.jpg,minibus,214494171.jpg,1877
dataset/Combined Dataset/train/minibus/214541786.jpg,minibus,214541786.jpg,1878
dataset/Combined Dataset/train/minibus/214620434.jpg,minibus,214620434.jpg,1879
dataset/Combined Dataset/train/minibus/214657120.jpg,minibus,214657120.jpg,1880
dataset/Combined Dataset/train/minibus/214672749.jpg,minibus,214672749.jpg,1881
dataset/Combined Dataset/train/minibus/214730971.jpg,minibus,214730971.jpg,1882
dataset/Combined Dataset/train/minibus/214734110.jpg,minibus,214734110.jpg,1883
dataset/Combined Dataset/train/minibus/214762035.jpg,minibus,214762035.jpg,1884
dataset/Combined Dataset/train/minibus/214773879.jpg,minibus,214773879.jpg,1885
dataset/Combined Dataset/train/minibus/214795141.jpg,minibus,214795141.jpg,1886
dataset/Combined Dataset/train/minibus/214810628.jpg,minibus,214810628.jpg,1887
dataset/Combined Dataset/train/minibus/214813678.jpg,minibus,214813678.jpg,1888
dataset/Combined Dataset/train/minibus/214823637.jpg,minibus,214823637.jpg,1889
dataset/Combined Dataset/train/minibus/215113899.jpg,minibus,215113899.jpg,1890
dataset/Combined Dataset/train/minibus/215116497.jpg,minibus,215116497.jpg,1891
dataset/Combined Dataset/train/minibus/215143612.jpg,minibus,215143612.jpg,1892
dataset/Combined Dataset/train/minibus/215155081.jpg,minibus,215155081.jpg,1893
dataset/Combined Dataset/train/minibus/215155469.jpg,minibus,215155469.jpg,1894
dataset/Combined Dataset/train/minibus/215180805.jpg,minibus,215180805.jpg,1895
dataset/Combined Dataset/train/minibus/215183131.jpg,minibus,215183131.jpg,1896
dataset/Combined Dataset/train/minibus/215329984.jpg,minibus,215329984.jpg,1897
dataset/Combined Dataset/train/minibus/215387945.jpg,minibus,215387945.jpg,1898
dataset/Combined Dataset/train/minibus/215499510.jpg,minibus,215499510.jpg,1899
dataset/Combined Dataset/train/minibus/215508288.jpg,minibus,215508288.jpg,1900
dataset/Combined Dataset/train/minibus/215533576.jpg,minibus,215533576.jpg,1901
dataset/Combined Dataset/train/minibus/215585136.jpg,minibus,215585136.jpg,1902
dataset/Combined Dataset/train/minibus/215593952.jpg,minibus,215593952.jpg,1903
dataset/Combined Dataset/train/minibus/215602362.jpg,minibus,215602362.jpg,1904
dataset/Combined Dataset/train/minibus/215607636.jpg,minibus,215607636.jpg,1905
dataset/Combined Dataset/train/minibus/215610138.jpg,minibus,215610138.jpg,1906
dataset/Combined Dataset/train/minibus/215614242.jpg,minibus,215614242.jpg,1907
dataset/Combined Dataset/train/minibus/215617838.jpg,minibus,215617838.jpg,1908
dataset/Combined Dataset/train/minibus/215644672.jpg,minibus,215644672.jpg,1909
dataset/Combined Dataset/train/minibus/215666828.jpg,minibus,215666828.jpg,1910
dataset/Combined Dataset/train/minibus/215673175.jpg,minibus,215673175.jpg,1911
dataset/Combined Dataset/train/minibus/215687610.jpg,minibus,215687610.jpg,1912
dataset/Combined Dataset/train/minibus/215690344.jpg,minibus,215690344.jpg,1913
dataset/Combined Dataset/train/minibus/215691629.jpg,minibus,215691629.jpg,1914
dataset/Combined Dataset/train/minibus/215692736.jpg,minibus,215692736.jpg,1915
dataset/Combined Dataset/train/minibus/215694184.jpg,minibus,215694184.jpg,1916
dataset/Combined Dataset/train/minibus/215703743.jpg,minibus,215703743.jpg,1917
dataset/Combined Dataset/train/minibus/215716513.jpg,minibus,215716513.jpg,1918
dataset/Combined Dataset/train/minibus/215721654.jpg,minibus,215721654.jpg,1919
dataset/Combined Dataset/train/minibus/215722954.jpg,minibus,215722954.jpg,1920
dataset/Combined Dataset/train/minibus/215726997.jpg,minibus,215726997.jpg,1921
dataset/Combined Dataset/train/minibus/215743713.jpg,minibus,215743713.jpg,1922
dataset/Combined Dataset/train/minibus/215755894.jpg,minibus,215755894.jpg,1923
dataset/Combined Dataset/train/minibus/215757162.jpg,minibus,215757162.jpg,1924
dataset/Combined Dataset/train/minibus/215763336.jpg,minibus,215763336.jpg,1901
dataset/Combined Dataset/train/minibus/215771082.jpg,minibus,215771082.jpg,1926
dataset/Combined Dataset/train/minibus/215772197.jpg,minibus,215772197.jpg,1927
dataset/Combined Dataset/train/minibus/215772392.jpg,minibus,215772392.jpg,1994
dataset/Combined Dataset/train/minibus/215772703.jpg,minibus,215772703.jpg,1905
dataset/Combined Dataset/train/minibus/215772762.jpg,minibus,215772762.jpg,1930
dataset/Combined Dataset/train/minibus/215773477.jpg,minibus,215773477.jpg,1931
dataset/Combined Dataset/train/minibus/215774280.jpg,minibus,215774280.jpg,1932
dataset/Combined Dataset/train/minibus/215777882.jpg,minibus,215777882.jpg,1933
dataset/Combined Dataset/train/minibus/215779776.jpg,minibus,215779776.jpg,1934
dataset/Combined Dataset/train/minibus/215782961.jpg,minibus,215782961.jpg,1935
dataset/Combined Dataset/train/minibus/215808912.jpg,minibus,215808912.jpg,1936
dataset/Combined Dataset/train/minibus/215816214.jpg,minibus,215816214.jpg,1937
dataset/Combined Dataset/train/minibus/215836229.jpg,minibus,215836229.jpg,1938
dataset/Combined Dataset/train/minibus/215844340.jpg,minibus,215844340.jpg,1939
dataset/Combined Dataset/train/minibus/215857913.jpg,minibus,215857913.jpg,1940
dataset/Combined Dataset/train/minibus/215859419.jpg,minibus,215859419.jpg,1905
dataset/Combined Dataset/train/minibus/215869395.jpg,minibus,215869395.jpg,1942
dataset/Combined Dataset/train/minibus/215870097.jpg,minibus,215870097.jpg,1943
dataset/Combined Dataset/train/minibus/215872386.jpg,minibus,215872386.jpg,1944
dataset/Combined Dataset/train/minibus/215890147.jpg,minibus,215890147.jpg,1945
dataset/Combined Dataset/train/minibus/215893666.jpg,minibus,215893666.jpg,1946
dataset/Combined Dataset/train/minibus/215913440.jpg,minibus,215913440.jpg,1947
dataset/Combined Dataset/train/minibus/215917000.jpg,minibus,215917000.jpg,1948
dataset/Combined Dataset/train/minibus/215945358.jpg,minibus,215945358.jpg,1949
dataset/Combined Dataset/train/minibus/215969336.jpg,minibus,215969336.jpg,1950
dataset/Combined Dataset/train/minibus/215984229.jpg,minibus,215984229.jpg,1951
dataset/Combined Dataset/train/minibus/215985546.jpg,minibus,215985546.jpg,1952
dataset/Combined Dataset/train/minibus/215989638.jpg,minibus,215989638.jpg,1938
dataset/Combined Dataset/train/minibus/215989811.jpg,minibus,215989811.jpg,1954
dataset/Combined Dataset/train/minibus/216003886.jpg,minibus,216003886.jpg,1955
dataset/Combined Dataset/train/minibus/216005190.jpg,minibus,216005190.jpg,1956
dataset/Combined Dataset/train/minibus/216007874.jpg,minibus,216007874.jpg,1957
dataset/Combined Dataset/train/minibus/216024184.jpg,minibus,216024184.jpg,1958
dataset/Combined Dataset/train/minibus/216032016.jpg,minibus,216032016.jpg,1959
dataset/Combined Dataset/train/minibus/216034562.jpg,minibus,216034562.jpg,1960
dataset/Combined Dataset/train/minibus/216044266.jpg,minibus,216044266.jpg,1961
dataset/Combined Dataset/train/minibus/216045431.jpg,minibus,216045431.jpg,1962
dataset/Combined Dataset/train/minibus/216051293.jpg,minibus,216051293.jpg,1963
dataset/Combined Dataset/train/minibus/216061853.jpg,minibus,216061853.jpg,1964
dataset/Combined Dataset/train/minibus/216077073.jpg,minibus,216077073.jpg,1965
dataset/Combined Dataset/train/minibus/216088632.jpg,minibus,216088632.jpg,1948
dataset/Combined Dataset/train/minibus/216094190.jpg,minibus,216094190.jpg,1967
dataset/Combined Dataset/train/minibus/216100362.jpg,minibus,216100362.jpg,1968
dataset/Combined Dataset/train/minibus/216102563.jpg,minibus,216102563.jpg,1969
dataset/Combined Dataset/train/minibus/216102576.jpg,minibus,216102576.jpg,1970
dataset/Combined Dataset/train/minibus/216106217.jpg,minibus,216106217.jpg,1971
dataset/Combined Dataset/train/minibus/216115253.jpg,minibus,216115253.jpg,1972
dataset/Combined Dataset/train/minibus/216127555.jpg,minibus,216127555.jpg,1973
dataset/Combined Dataset/train/minibus/216147129.jpg,minibus,216147129.jpg,1974
dataset/Combined Dataset/train/minibus/216166252.jpg,minibus,216166252.jpg,1975
dataset/Combined Dataset/train/minibus/216184596.jpg,minibus,216184596.jpg,1976
dataset/Combined Dataset/train/minibus/216196368.jpg,minibus,216196368.jpg,1977
dataset/Combined Dataset/train/minibus/216275706.jpg,minibus,216275706.jpg,1978
dataset/Combined Dataset/train/minibus/216317074.jpg,minibus,216317074.jpg,1979
dataset/Combined Dataset/train/minibus/216318483.jpg,minibus,216318483.jpg,1980
dataset/Combined Dataset/train/minibus/216323316.jpg,minibus,216323316.jpg,1981
dataset/Combined Dataset/train/minibus/216326170.jpg,minibus,216326170.jpg,1982
dataset/Combined Dataset/train/minibus/216335562.jpg,minibus,216335562.jpg,1983
dataset/Combined Dataset/train/minibus/216405073.jpg,minibus,216405073.jpg,1984
dataset/Combined Dataset/train/minibus/216419649.jpg,minibus,216419649.jpg,1985
dataset/Combined Dataset/train/minibus/216421891.jpg,minibus,216421891.jpg,1986
dataset/Combined Dataset/train/minibus/216427737.jpg,minibus,216427737.jpg,1987
dataset/Combined Dataset/train/minibus/216428820.jpg,minibus,216428820.jpg,1988
dataset/Combined Dataset/train/minibus/216430711.jpg,minibus,216430711.jpg,1989
dataset/Combined Dataset/train/minibus/216452875.jpg,minibus,216452875.jpg,1990
dataset/Combined Dataset/train/minibus/216465953.jpg,minibus,216465953.jpg,1991
dataset/Combined Dataset/train/minibus/216496687.jpg,minibus,216496687.jpg,1992
dataset/Combined Dataset/train/minibus/216539402.jpg,minibus,216539402.jpg,1993
dataset/Combined Dataset/train/minibus/216566437.jpg,minibus,216566437.jpg,1994
dataset/Combined Dataset/train/minibus/216584796.jpg,minibus,216584796.jpg,1938
dataset/Combined Dataset/train/minibus/216593660.jpg,minibus,216593660.jpg,1996
dataset/Combined Dataset/train/minibus/216616255.jpg,minibus,216616255.jpg,1997
dataset/Combined Dataset/train/minibus/216667781.jpg,minibus,216667781.jpg,1998
dataset/Combined Dataset/train/minibus/216668413.jpg,minibus,216668413.jpg,1999
dataset/Combined Dataset/train/minibus/216680958.jpg,minibus,216680958.jpg,2000
dataset/Combined Dataset/train/minibus/216735021.jpg,minibus,216735021.jpg,2001
dataset/Combined Dataset/train/minibus/216735501.jpg,minibus,216735501.jpg,2002
dataset/Combined Dataset/train/minibus/216736603.jpg,minibus,216736603.jpg,2003
dataset/Combined Dataset/train/minibus/216736913.jpg,minibus,216736913.jpg,2004
dataset/Combined Dataset/train/minibus/216737470.jpg,minibus,216737470.jpg,2005
dataset/Combined Dataset/train/minibus/216763364.jpg,minibus,216763364.jpg,2006
dataset/Combined Dataset/train/minibus/216769695.jpg,minibus,216769695.jpg,2007
dataset/Combined Dataset/train/minibus/216782744.jpg,minibus,216782744.jpg,2008
dataset/Combined Dataset/train/minibus/216782805.jpg,minibus,216782805.jpg,2009
dataset/Combined Dataset/train/minibus/216830668.jpg,minibus,216830668.jpg,2010
dataset/Combined Dataset/train/minibus/216842480.jpg,minibus,216842480.jpg,2011
dataset/Combined Dataset/train/minibus/216874482.jpg,minibus,216874482.jpg,2012
dataset/Combined Dataset/train/minibus/216874507.jpg,minibus,216874507.jpg,2013
dataset/Combined Dataset/train/minibus/216882682.jpg,minibus,216882682.jpg,2014
dataset/Combined Dataset/train/minibus/216907420.jpg,minibus,216907420.jpg,2015
dataset/Combined Dataset/train/minibus/216910456.jpg,minibus,216910456.jpg,2016
dataset/Combined Dataset/train/minibus/216912246.jpg,minibus,216912246.jpg,2017
dataset/Combined Dataset/train/minibus/216930102.jpg,minibus,216930102.jpg,2018
dataset/Combined Dataset/train/minibus/216947159.jpg,minibus,216947159.jpg,2019
dataset/Combined Dataset/train/minibus/216973888.jpg,minibus,216973888.jpg,1905
dataset/Combined Dataset/train/minibus/216977414.jpg,minibus,216977414.jpg,2021
dataset/Combined Dataset/train/minibus/216983171.jpg,minibus,216983171.jpg,2022
dataset/Combined Dataset/train/minibus/216990378.jpg,minibus,216990378.jpg,2023
dataset/Combined Dataset/train/minibus/216999560.jpg,minibus,216999560.jpg,2024
dataset/Combined Dataset/train/minibus/217004609.jpg,minibus,217004609.jpg,2025
dataset/Combined Dataset/train/minibus/217006575.jpg,minibus,217006575.jpg,2026
dataset/Combined Dataset/train/minibus/217009310.jpg,minibus,217009310.jpg,2027
dataset/Combined Dataset/train/minibus/217025806.jpg,minibus,217025806.jpg,2028
dataset/Combined Dataset/train/minibus/217026643.jpg,minibus,217026643.jpg,2029
dataset/Combined Dataset/train/minibus/217030998.jpg,minibus,217030998.jpg,2003
dataset/Combined Dataset/train/minibus/217060207.jpg,minibus,217060207.jpg,2031
dataset/Combined Dataset/train/minibus/217144586.jpg,minibus,217144586.jpg,2032
dataset/Combined Dataset/train/minibus/217173695.jpg,minibus,217173695.jpg,2033
dataset/Combined Dataset/train/minibus/217188225.jpg,minibus,217188225.jpg,2034
dataset/Combined Dataset/train/minibus/217196726.jpg,minibus,217196726.jpg,2035
dataset/Combined Dataset/train/minibus/217197302.jpg,minibus,217197302.jpg,2036
dataset/Combined Dataset/train/minibus/217217959.jpg,minibus,217217959.jpg,2037
dataset/Combined Dataset/train/minibus/217339443.jpg,minibus,217339443.jpg,2038
dataset/Combined Dataset/train/minibus/217634434.jpg,minibus,217634434.jpg,2039
dataset/Combined Dataset/train/minibus/217712936.jpg,minibus,217712936.jpg,2040
dataset/Combined Dataset/train/minibus/217712958.jpg,minibus,217712958.jpg,2041
dataset/Combined Dataset/train/minibus/217763204.jpg,minibus,217763204.jpg,2042
dataset/Combined Dataset/train/minibus/217784303.jpg,minibus,217784303.jpg,2043
dataset/Combined Dataset/train/minibus/217802319.jpg,minibus,217802319.jpg,1900
dataset/Combined Dataset/train/minibus/217826361.jpg,minibus,217826361.jpg,2045
dataset/Combined Dataset/train/minibus/217888250.jpg,minibus,217888250.jpg,2046
dataset/Combined Dataset/train/minibus/217959075.jpg,minibus,217959075.jpg,2047
dataset/Combined Dataset/train/minibus/217959451.jpg,minibus,217959451.jpg,2048
dataset/Combined Dataset/train/minibus/217986520.jpg,minibus,217986520.jpg,2049
dataset/Combined Dataset/train/minibus/217995231.jpg,minibus,217995231.jpg,2050
dataset/Combined Dataset/train/minibus/218002136.jpg,minibus,218002136.jpg,2051
dataset/Combined Dataset/train/minibus/218007837.jpg,minibus,218007837.jpg,2052
dataset/Combined Dataset/train/minibus/218022337.jpg,minibus,218022337.jpg,2053
dataset/Combined Dataset/train/minibus/218049788.jpg,minibus,218049788.jpg,2054
dataset/Combined Dataset/train/minibus/218056154.jpg,minibus,218056154.jpg,2055
dataset/Combined Dataset/train/minibus/218080034.jpg,minibus,218080034.jpg,2056
dataset/Combined Dataset/train/minibus/218106671.jpg,minibus,218106671.jpg,2057
dataset/Combined Dataset/train/minibus/218126946.jpg,minibus,218126946.jpg,2058
dataset/Combined Dataset/train/minibus/218134277.jpg,minibus,218134277.jpg,2059
dataset/Combined Dataset/train/minibus/218142111.jpg,minibus,218142111.jpg,2060
dataset/Combined Dataset/train/minibus/218145621.jpg,minibus,218145621.jpg,2061
dataset/Combined Dataset/train/minibus/218145650.jpg,minibus,218145650.jpg,2062
dataset/Combined Dataset/train/minibus/218145869.jpg,minibus,218145869.jpg,2063
dataset/Combined Dataset/train/minibus/218147720.jpg,minibus,218147720.jpg,2064
dataset/Combined Dataset/train/minibus/218185076.jpg,minibus,218185076.jpg,2065
dataset/Combined Dataset/train/minibus/218195078.jpg,minibus,218195078.jpg,2066
dataset/Combined Dataset/train/minibus/218223645.jpg,minibus,218223645.jpg,2067
dataset/Combined Dataset/train/minibus/218241684.jpg,minibus,218241684.jpg,2068
dataset/Combined Dataset/train/minibus/218257244.jpg,minibus,218257244.jpg,2069
dataset/Combined Dataset/train/minibus/218259887.jpg,minibus,218259887.jpg,2070
dataset/Combined Dataset/train/minibus/218274299.jpg,minibus,218274299.jpg,2071
dataset/Combined Dataset/train/minibus/218276550.jpg,minibus,218276550.jpg,2072
dataset/Combined Dataset/train/minibus/218288861.jpg,minibus,218288861.jpg,2073
dataset/Combined Dataset/train/minibus/218317977.jpg,minibus,218317977.jpg,2074
dataset/Combined Dataset/train/minibus/218321697.jpg,minibus,218321697.jpg,2075
dataset/Combined Dataset/train/minibus/218335519.jpg,minibus,218335519.jpg,2076
dataset/Combined Dataset/train/minibus/218340234.jpg,minibus,218340234.jpg,2077
dataset/Combined Dataset/train/minibus/218367789.jpg,minibus,218367789.jpg,2078
dataset/Combined Dataset/train/minibus/218394885.jpg,minibus,218394885.jpg,2079
dataset/Combined Dataset/train/minibus/218409806.jpg,minibus,218409806.jpg,2080
dataset/Combined Dataset/train/minibus/218425722.jpg,minibus,218425722.jpg,2081
dataset/Combined Dataset/train/minibus/218466798.jpg,minibus,218466798.jpg,2082
dataset/Combined Dataset/train/minibus/218541081.jpg,minibus,218541081.jpg,2083
dataset/Combined Dataset/train/minibus/218542930.jpg,minibus,218542930.jpg,2084
dataset/Combined Dataset/train/minibus/218547989.jpg,minibus,218547989.jpg,2085
dataset/Combined Dataset/train/minibus/218553813.jpg,minibus,218553813.jpg,2086
dataset/Combined Dataset/train/minibus/218573670.jpg,minibus,218573670.jpg,2087
dataset/Combined Dataset/train/minibus/218581851.jpg,minibus,218581851.jpg,2088
dataset/Combined Dataset/train/minibus/218588128.jpg,minibus,218588128.jpg,2089
dataset/Combined Dataset/train/minibus/218588253.jpg,minibus,218588253.jpg,2090
dataset/Combined Dataset/train/minibus/218588746.jpg,minibus,218588746.jpg,2091
dataset/Combined Dataset/train/minibus/218589609.jpg,minibus,218589609.jpg,2092
dataset/Combined Dataset/train/minibus/218596879.jpg,minibus,218596879.jpg,1905
dataset/Combined Dataset/train/minibus/218598404.jpg,minibus,218598404.jpg,2094
dataset/Combined Dataset/train/minibus/218608623.jpg,minibus,218608623.jpg,2095
dataset/Combined Dataset/train/minibus/218624962.jpg,minibus,218624962.jpg,2096
dataset/Combined Dataset/train/minibus/218626593.jpg,minibus,218626593.jpg,2097
dataset/Combined Dataset/train/minibus/218635131.jpg,minibus,218635131.jpg,2098
dataset/Combined Dataset/train/minibus/218657520.jpg,minibus,218657520.jpg,2099
dataset/Combined Dataset/train/minibus/218659561.jpg,minibus,218659561.jpg,2100
dataset/Combined Dataset/train/minibus/218681641.jpg,minibus,218681641.jpg,2101
dataset/Combined Dataset/train/minibus/218707170.jpg,minibus,218707170.jpg,2102
dataset/Combined Dataset/train/minibus/218717370.jpg,minibus,218717370.jpg,2103
dataset/Combined Dataset/train/minibus/218722599.jpg,minibus,218722599.jpg,2104
dataset/Combined Dataset/train/minibus/218728399.jpg,minibus,218728399.jpg,2105
dataset/Combined Dataset/train/minibus/218732172.jpg,minibus,218732172.jpg,1994
dataset/Combined Dataset/train/minibus/218740264.jpg,minibus,218740264.jpg,2107
dataset/Combined Dataset/train/minibus/218740708.jpg,minibus,218740708.jpg,2108
dataset/Combined Dataset/train/minibus/218742321.jpg,minibus,218742321.jpg,2109
dataset/Combined Dataset/train/minibus/218768816.jpg,minibus,218768816.jpg,2110
dataset/Combined Dataset/train/minibus/218784689.jpg,minibus,218784689.jpg,2111
dataset/Combined Dataset/train/minibus/218789502.jpg,minibus,218789502.jpg,2112
dataset/Combined Dataset/train/minibus/218796380.jpg,minibus,218796380.jpg,2113
dataset/Combined Dataset/train/minibus/218798066.jpg,minibus,218798066.jpg,2114
dataset/Combined Dataset/train/minibus/218832361.jpg,minibus,218832361.jpg,2115
dataset/Combined Dataset/train/minibus/218835136.jpg,minibus,218835136.jpg,2116
dataset/Combined Dataset/train/minibus/218838942.jpg,minibus,218838942.jpg,2117
dataset/Combined Dataset/train/minibus/218839864.jpg,minibus,218839864.jpg,2118
dataset/Combined Dataset/train/minibus/218845268.jpg,minibus,218845268.jpg,2119
dataset/Combined Dataset/train/minibus/218882489.jpg,minibus,218882489.jpg,2120
dataset/Combined Dataset/train/minibus/218892957.jpg,minibus,218892957.jpg,1948
dataset/Combined Dataset/train/minibus/218901213.jpg,minibus,218901213.jpg,2122
dataset/Combined Dataset/train/minibus/218918535.jpg,minibus,218918535.jpg,2123
dataset/Combined Dataset/train/minibus/218938634.jpg,minibus,218938634.jpg,2124
dataset/Combined Dataset/train/minibus/218939308.jpg,minibus,218939308.jpg,2125
dataset/Combined Dataset/train/minibus/218943435.jpg,minibus,218943435.jpg,2126
dataset/Combined Dataset/train/minibus/218952212.jpg,minibus,218952212.jpg,1952
dataset/Combined Dataset/train/minibus/218956706.jpg,minibus,218956706.jpg,2128
dataset/Combined Dataset/train/minibus/218979253.jpg,minibus,218979253.jpg,2129
dataset/Combined Dataset/train/minibus/218982546.jpg,minibus,218982546.jpg,1905
dataset/Combined Dataset/train/minibus/218984737.jpg,minibus,218984737.jpg,1905
dataset/Combined Dataset/train/minibus/218999495.jpg,minibus,218999495.jpg,2132
dataset/Combined Dataset/train/minibus/219015757.jpg,minibus,219015757.jpg,2133
dataset/Combined Dataset/train/minibus/219024828.jpg,minibus,219024828.jpg,2134
dataset/Combined Dataset/train/minibus/219025847.jpg,minibus,219025847.jpg,2135
dataset/Combined Dataset/train/minibus/219068960.jpg,minibus,219068960.jpg,2136
dataset/Combined Dataset/train/minibus/219123664.jpg,minibus,219123664.jpg,2137
dataset/Combined Dataset/train/savari/193865576.jpg,savari,193865576.jpg,2138
dataset/Combined Dataset/train/savari/194293170.jpg,savari,194293170.jpg,2139
dataset/Combined Dataset/train/savari/195433974.jpg,savari,195433974.jpg,2140
dataset/Combined Dataset/train/savari/195461114.jpg,savari,195461114.jpg,2141
dataset/Combined Dataset/train/savari/195552420.jpg,savari,195552420.jpg,2142
dataset/Combined Dataset/train/savari/195586052.jpg,savari,195586052.jpg,2143
dataset/Combined Dataset/train/savari/195724812.jpg,savari,195724812.jpg,2144
dataset/Combined Dataset/train/savari/195800847.jpg,savari,195800847.jpg,2145
dataset/Combined Dataset/train/savari/195839967.jpg,savari,195839967.jpg,2146
dataset/Combined Dataset/train/savari/195877097.jpg,savari,195877097.jpg,2147
dataset/Combined Dataset/train/savari/195911472.jpg,savari,195911472.jpg,2148
dataset/Combined Dataset/train/savari/195946835.jpg,savari,195946835.jpg,2149
dataset/Combined Dataset/train/savari/196477980.jpg,savari,196477980.jpg,2150
dataset/Combined Dataset/train/savari/196601379.jpg,savari,196601379.jpg,2151
dataset/Combined Dataset/train/savari/197021107.jpg,savari,197021107.jpg,2152
dataset/Combined Dataset/train/savari/197061032.jpg,savari,197061032.jpg,2153
dataset/Combined Dataset/train/savari/197381955.jpg,savari,197381955.jpg,2154
dataset/Combined Dataset/train/savari/197570674.jpg,savari,197570674.jpg,2155
dataset/Combined Dataset/train/savari/197668390.jpg,savari,197668390.jpg,2156
dataset/Combined Dataset/train/savari/197695504.jpg,savari,197695504.jpg,2157
dataset/Combined Dataset/train/savari/197696747.jpg,savari,197696747.jpg,2158
dataset/Combined Dataset/train/savari/197726987.jpg,savari,197726987.jpg,2159
dataset/Combined Dataset/train/savari/197816467.jpg,savari,197816467.jpg,2160
dataset/Combined Dataset/train/savari/197940827.jpg,savari,197940827.jpg,2161
dataset/Combined Dataset/train/savari/198043112.jpg,savari,198043112.jpg,2162
dataset/Combined Dataset/train/savari/198098595.jpg,savari,198098595.jpg,2163
dataset/Combined Dataset/train/savari/198102291.jpg,savari,198102291.jpg,2164
dataset/Combined Dataset/train/savari/198114661.jpg,savari,198114661.jpg,2165
dataset/Combined Dataset/train/savari/198132254.jpg,savari,198132254.jpg,2166
dataset/Combined Dataset/train/savari/198221838.jpg,savari,198221838.jpg,2167
dataset/Combined Dataset/train/savari/198224561.jpg,savari,198224561.jpg,2168
dataset/Combined Dataset/train/savari/198334045.jpg,savari,198334045.jpg,2169
dataset/Combined Dataset/train/savari/198340571.jpg,savari,198340571.jpg,2170
dataset/Combined Dataset/train/savari/198373557.jpg,savari,198373557.jpg,2171
dataset/Combined Dataset/train/savari/198385679.jpg,savari,198385679.jpg,2172
dataset/Combined Dataset/train/savari/198464048.jpg,savari,198464048.jpg,2173
dataset/Combined Dataset/train/savari/198468980.jpg,savari,198468980.jpg,2174
dataset/Combined Dataset/train/savari/198480913.jpg,savari,198480913.jpg,2175
dataset/Combined Dataset/train/savari/198508281.jpg,savari,198508281.jpg,2176
dataset/Combined Dataset/train/savari/198541116.jpg,savari,198541116.jpg,2177
dataset/Combined Dataset/train/savari/198600953.jpg,savari,198600953.jpg,2178
dataset/Combined Dataset/train/savari/198640972.jpg,savari,198640972.jpg,2179
dataset/Combined Dataset/train/savari/198701356.jpg,savari,198701356.jpg,2180
dataset/Combined Dataset/train/savari/198734860.jpg,savari,198734860.jpg,2181
dataset/Combined Dataset/train/savari/198748852.jpg,savari,198748852.jpg,2182
dataset/Combined Dataset/train/savari/198929401.jpg,savari,198929401.jpg,2183
dataset/Combined Dataset/train/savari/199057130.jpg,savari,199057130.jpg,2184
dataset/Combined Dataset/train/savari/199201260.jpg,savari,199201260.jpg,2185
dataset/Combined Dataset/train/savari/199250608.jpg,savari,199250608.jpg,2186
dataset/Combined Dataset/train/savari/199256640.jpg,savari,199256640.jpg,2187
dataset/Combined Dataset/train/savari/199280713.jpg,savari,199280713.jpg,2188
dataset/Combined Dataset/train/savari/199291703.jpg,savari,199291703.jpg,2189
dataset/Combined Dataset/train/savari/199300081.jpg,savari,199300081.jpg,2190
dataset/Combined Dataset/train/savari/199595051.jpg,savari,199595051.jpg,2191
dataset/Combined Dataset/train/savari/199630427.jpg,savari,199630427.jpg,2192
dataset/Combined Dataset/train/savari/199652334.jpg,savari,199652334.jpg,2193
dataset/Combined Dataset/train/savari/199702972.jpg,savari,199702972.jpg,2194
dataset/Combined Dataset/train/savari/199825671.jpg,savari,199825671.jpg,2195
dataset/Combined Dataset/train/savari/199827467.jpg,savari,199827467.jpg,2196
dataset/Combined Dataset/train/savari/199838206.jpg,savari,199838206.jpg,2197
dataset/Combined Dataset/train/savari/199907289.jpg,savari,199907289.jpg,2198
dataset/Combined Dataset/train/savari/200121154.jpg,savari,200121154.jpg,2199
dataset/Combined Dataset/train/savari/200499854.jpg,savari,200499854.jpg,2200
dataset/Combined Dataset/train/savari/200806002.jpg,savari,200806002.jpg,2201
dataset/Combined Dataset/train/savari/200850651.jpg,savari,200850651.jpg,2202
dataset/Combined Dataset/train/savari/200868342.jpg,savari,200868342.jpg,2203
dataset/Combined Dataset/train/savari/200931514.jpg,savari,200931514.jpg,2204
dataset/Combined Dataset/train/savari/201454407.jpg,savari,201454407.jpg,2205
dataset/Combined Dataset/train/savari/201705208.jpg,savari,201705208.jpg,2206
dataset/Combined Dataset/train/savari/201730625.jpg,savari,201730625.jpg,2207
dataset/Combined Dataset/train/savari/201795618.jpg,savari,201795618.jpg,2208
dataset/Combined Dataset/train/savari/201795933.jpg,savari,201795933.jpg,2209
dataset/Combined Dataset/train/savari/201797319.jpg,savari,201797319.jpg,2210
dataset/Combined Dataset/train/savari/202041863.jpg,savari,202041863.jpg,2211
dataset/Combined Dataset/train/savari/202162130.jpg,savari,202162130.jpg,2212
dataset/Combined Dataset/train/savari/202172611.jpg,savari,202172611.jpg,2213
dataset/Combined Dataset/train/savari/202273928.jpg,savari,202273928.jpg,2214
dataset/Combined Dataset/train/savari/202316938.jpg,savari,202316938.jpg,2215
dataset/Combined Dataset/train/savari/202545543.jpg,savari,202545543.jpg,2216
dataset/Combined Dataset/train/savari/202772152.jpg,savari,202772152.jpg,2217
dataset/Combined Dataset/train/savari/203013904.jpg,savari,203013904.jpg,2218
dataset/Combined Dataset/train/savari/203405391.jpg,savari,203405391.jpg,2219
dataset/Combined Dataset/train/savari/204792146.jpg,savari,204792146.jpg,2220
dataset/Combined Dataset/train/savari/205009323.jpg,savari,205009323.jpg,2221
dataset/Combined Dataset/train/savari/205048854.jpg,savari,205048854.jpg,2222
dataset/Combined Dataset/train/savari/205049904.jpg,savari,205049904.jpg,2223
dataset/Combined Dataset/train/savari/205160387.jpg,savari,205160387.jpg,2224
dataset/Combined Dataset/train/savari/205313767.jpg,savari,205313767.jpg,2225
dataset/Combined Dataset/train/savari/205317151.jpg,savari,205317151.jpg,2226
dataset/Combined Dataset/train/savari/205354762.jpg,savari,205354762.jpg,2227
dataset/Combined Dataset/train/savari/205377474.jpg,savari,205377474.jpg,2228
dataset/Combined Dataset/train/savari/205495938.jpg,savari,205495938.jpg,2229
dataset/Combined Dataset/train/savari/205576507.jpg,savari,205576507.jpg,2230
dataset/Combined Dataset/train/savari/205668577.jpg,savari,205668577.jpg,2231
dataset/Combined Dataset/train/savari/205754454.jpg,savari,205754454.jpg,2232
dataset/Combined Dataset/train/savari/205865817.jpg,savari,205865817.jpg,2233
dataset/Combined Dataset/train/savari/206027281.jpg,savari,206027281.jpg,2234
dataset/Combined Dataset/train/savari/206138343.jpg,savari,206138343.jpg,2235
dataset/Combined Dataset/train/savari/206140594.jpg,savari,206140594.jpg,2236
dataset/Combined Dataset/train/savari/206147449.jpg,savari,206147449.jpg,2237
dataset/Combined Dataset/train/savari/206190231.jpg,savari,206190231.jpg,2238
dataset/Combined Dataset/train/savari/206276702.jpg,savari,206276702.jpg,2239
dataset/Combined Dataset/train/savari/206277240.jpg,savari,206277240.jpg,2240
dataset/Combined Dataset/train/savari/206290018.jpg,savari,206290018.jpg,2241
dataset/Combined Dataset/train/savari/206375505.jpg,savari,206375505.jpg,2242
dataset/Combined Dataset/train/savari/206416762.jpg,savari,206416762.jpg,2243
dataset/Combined Dataset/train/savari/206420263.jpg,savari,206420263.jpg,2244
dataset/Combined Dataset/train/savari/206431037.jpg,savari,206431037.jpg,2245
dataset/Combined Dataset/train/savari/206523590.jpg,savari,206523590.jpg,2246
dataset/Combined Dataset/train/savari/206573249.jpg,savari,206573249.jpg,2247
dataset/Combined Dataset/train/savari/206644295.jpg,savari,206644295.jpg,2248
dataset/Combined Dataset/train/savari/206755128.jpg,savari,206755128.jpg,2249
dataset/Combined Dataset/train/savari/206793149.jpg,savari,206793149.jpg,2250
dataset/Combined Dataset/train/savari/206830043.jpg,savari,206830043.jpg,2251
dataset/Combined Dataset/train/savari/206858481.jpg,savari,206858481.jpg,2252
dataset/Combined Dataset/train/savari/206883575.jpg,savari,206883575.jpg,2253
dataset/Combined Dataset/train/savari/206925163.jpg,savari,206925163.jpg,2254
dataset/Combined Dataset/train/savari/207151442.jpg,savari,207151442.jpg,2255
dataset/Combined Dataset/train/savari/207298239.jpg,savari,207298239.jpg,2256
dataset/Combined Dataset/train/savari/207703881.jpg,savari,207703881.jpg,2257
dataset/Combined Dataset/train/savari/207759852.jpg,savari,207759852.jpg,2258
dataset/Combined Dataset/train/savari/207764744.jpg,savari,207764744.jpg,2259
dataset/Combined Dataset/train/savari/207785205.jpg,savari,207785205.jpg,2260
dataset/Combined Dataset/train/savari/207814911.jpg,savari,207814911.jpg,2261
dataset/Combined Dataset/train/savari/207835536.jpg,savari,207835536.jpg,2262
dataset/Combined Dataset/train/savari/207849789.jpg,savari,207849789.jpg,2263
dataset/Combined Dataset/train/savari/207857225.jpg,savari,207857225.jpg,2264
dataset/Combined Dataset/train/savari/207938297.jpg,savari,207938297.jpg,2265
dataset/Combined Dataset/train/savari/207964148.jpg,savari,207964148.jpg,2218
dataset/Combined Dataset/train/savari/208090232.jpg,savari,208090232.jpg,2267
dataset/Combined Dataset/train/savari/208184846.jpg,savari,208184846.jpg,2268
dataset/Combined Dataset/train/savari/208215002.jpg,savari,208215002.jpg,2269
dataset/Combined Dataset/train/savari/208296185.jpg,savari,208296185.jpg,2270
dataset/Combined Dataset/train/savari/208355250.jpg,savari,208355250.jpg,2271
dataset/Combined Dataset/train/savari/208418093.jpg,savari,208418093.jpg,2272
dataset/Combined Dataset/train/savari/208443200.jpg,savari,208443200.jpg,2273
dataset/Combined Dataset/train/savari/208507398.jpg,savari,208507398.jpg,2274
dataset/Combined Dataset/train/savari/208516040.jpg,savari,208516040.jpg,2275
dataset/Combined Dataset/train/savari/208561726.jpg,savari,208561726.jpg,2276
dataset/Combined Dataset/train/savari/208637892.jpg,savari,208637892.jpg,2277
dataset/Combined Dataset/train/savari/208698681.jpg,savari,208698681.jpg,2278
dataset/Combined Dataset/train/savari/208741036.jpg,savari,208741036.jpg,2279
dataset/Combined Dataset/train/savari/208835631.jpg,savari,208835631.jpg,2280
dataset/Combined Dataset/train/savari/208896884.jpg,savari,208896884.jpg,2281
dataset/Combined Dataset/train/savari/209013092.jpg,savari,209013092.jpg,2282
dataset/Combined Dataset/train/savari/209019732.jpg,savari,209019732.jpg,2283
dataset/Combined Dataset/train/savari/209038770.jpg,savari,209038770.jpg,2284
dataset/Combined Dataset/train/savari/209111011.jpg,savari,209111011.jpg,2285
dataset/Combined Dataset/train/savari/209117376.jpg,savari,209117376.jpg,2286
dataset/Combined Dataset/train/savari/209155552.jpg,savari,209155552.jpg,2287
dataset/Combined Dataset/train/savari/209165603.jpg,savari,209165603.jpg,2288
dataset/Combined Dataset/train/savari/209285270.jpg,savari,209285270.jpg,2289
dataset/Combined Dataset/train/savari/209371818.jpg,savari,209371818.jpg,2290
dataset/Combined Dataset/train/savari/209403185.jpg,savari,209403185.jpg,2291
dataset/Combined Dataset/train/savari/209430101.jpg,savari,209430101.jpg,2292
dataset/Combined Dataset/train/savari/209434334.jpg,savari,209434334.jpg,2293
dataset/Combined Dataset/train/savari/209449668.jpg,savari,209449668.jpg,2294
dataset/Combined Dataset/train/savari/209527831.jpg,savari,209527831.jpg,2295
dataset/Combined Dataset/train/savari/209690806.jpg,savari,209690806.jpg,2296
dataset/Combined Dataset/train/savari/209718955.jpg,savari,209718955.jpg,2297
dataset/Combined Dataset/train/savari/209847217.jpg,savari,209847217.jpg,2298
dataset/Combined Dataset/train/savari/209939482.jpg,savari,209939482.jpg,2299
dataset/Combined Dataset/train/savari/210000938.jpg,savari,210000938.jpg,2300
dataset/Combined Dataset/train/savari/210015193.jpg,savari,210015193.jpg,2301
dataset/Combined Dataset/train/savari/210043852.jpg,savari,210043852.jpg,2302
dataset/Combined Dataset/train/savari/210205517.jpg,savari,210205517.jpg,2303
dataset/Combined Dataset/train/savari/210273275.jpg,savari,210273275.jpg,2218
dataset/Combined Dataset/train/savari/210379387.jpg,savari,210379387.jpg,2305
dataset/Combined Dataset/train/savari/210380464.jpg,savari,210380464.jpg,2306
dataset/Combined Dataset/train/savari/210403204.jpg,savari,210403204.jpg,2307
dataset/Combined Dataset/train/savari/210403494.jpg,savari,210403494.jpg,2308
dataset/Combined Dataset/train/savari/210488078.jpg,savari,210488078.jpg,2309
dataset/Combined Dataset/train/savari/210494128.jpg,savari,210494128.jpg,2310
dataset/Combined Dataset/train/savari/210514855.jpg,savari,210514855.jpg,2311
dataset/Combined Dataset/train/savari/210565057.jpg,savari,210565057.jpg,2312
dataset/Combined Dataset/train/savari/210570601.jpg,savari,210570601.jpg,2313
dataset/Combined Dataset/train/savari/210591541.jpg,savari,210591541.jpg,2314
dataset/Combined Dataset/train/savari/210680167.jpg,savari,210680167.jpg,2315
dataset/Combined Dataset/train/savari/210708482.jpg,savari,210708482.jpg,2316
dataset/Combined Dataset/train/savari/210771543.jpg,savari,210771543.jpg,2317
dataset/Combined Dataset/train/savari/210824968.jpg,savari,210824968.jpg,2318
dataset/Combined Dataset/train/savari/210866108.jpg,savari,210866108.jpg,2319
dataset/Combined Dataset/train/savari/210955415.jpg,savari,210955415.jpg,2320
dataset/Combined Dataset/train/savari/210970421.jpg,savari,210970421.jpg,2321
dataset/Combined Dataset/train/savari/211053195.jpg,savari,211053195.jpg,2322
dataset/Combined Dataset/train/savari/211101941.jpg,savari,211101941.jpg,2323
dataset/Combined Dataset/train/savari/211163295.jpg,savari,211163295.jpg,2324
dataset/Combined Dataset/train/savari/211295182.jpg,savari,211295182.jpg,2325
dataset/Combined Dataset/train/savari/211317276.jpg,savari,211317276.jpg,2326
dataset/Combined Dataset/train/savari/211342364.jpg,savari,211342364.jpg,2327
dataset/Combined Dataset/train/savari/211383068.jpg,savari,211383068.jpg,2328
dataset/Combined Dataset/train/savari/211395884.jpg,savari,211395884.jpg,2329
dataset/Combined Dataset/train/savari/211425180.jpg,savari,211425180.jpg,2330
dataset/Combined Dataset/train/savari/211480297.jpg,savari,211480297.jpg,2331
dataset/Combined Dataset/train/savari/211483910.jpg,savari,211483910.jpg,2332
dataset/Combined Dataset/train/savari/211490232.jpg,savari,211490232.jpg,2333
dataset/Combined Dataset/train/savari/211521907.jpg,savari,211521907.jpg,2334
dataset/Combined Dataset/train/savari/211574020.jpg,savari,211574020.jpg,2335
dataset/Combined Dataset/train/savari/211607090.jpg,savari,211607090.jpg,2336
dataset/Combined Dataset/train/savari/211781928.jpg,savari,211781928.jpg,2337
dataset/Combined Dataset/train/savari/211858432.jpg,savari,211858432.jpg,2338
dataset/Combined Dataset/train/savari/211872752.jpg,savari,211872752.jpg,2339
dataset/Combined Dataset/train/savari/211932573.jpg,savari,211932573.jpg,2340
dataset/Combined Dataset/train/savari/211934537.jpg,savari,211934537.jpg,2341
dataset/Combined Dataset/train/savari/211944076.jpg,savari,211944076.jpg,2342
dataset/Combined Dataset/train/savari/211951629.jpg,savari,211951629.jpg,2343
dataset/Combined Dataset/train/savari/212001568.jpg,savari,212001568.jpg,2344
dataset/Combined Dataset/train/savari/212107649.jpg,savari,212107649.jpg,2345
dataset/Combined Dataset/train/savari/212125069.jpg,savari,212125069.jpg,2346
dataset/Combined Dataset/train/savari/212213154.jpg,savari,212213154.jpg,2347
dataset/Combined Dataset/train/savari/212245343.jpg,savari,212245343.jpg,2348
dataset/Combined Dataset/train/savari/212277145.jpg,savari,212277145.jpg,2349
dataset/Combined Dataset/train/savari/212301629.jpg,savari,212301629.jpg,2350
dataset/Combined Dataset/train/savari/212311889.jpg,savari,212311889.jpg,2351
dataset/Combined Dataset/train/savari/212357584.jpg,savari,212357584.jpg,2352
dataset/Combined Dataset/train/savari/212364016.jpg,savari,212364016.jpg,2353
dataset/Combined Dataset/train/savari/212557751.jpg,savari,212557751.jpg,2354
dataset/Combined Dataset/train/savari/212740634.jpg,savari,212740634.jpg,2355
dataset/Combined Dataset/train/savari/212763648.jpg,savari,212763648.jpg,2356
dataset/Combined Dataset/train/savari/213056482.jpg,savari,213056482.jpg,2357
dataset/Combined Dataset/train/savari/213059955.jpg,savari,213059955.jpg,2358
dataset/Combined Dataset/train/savari/213161227.jpg,savari,213161227.jpg,2359
dataset/Combined Dataset/train/savari/213179580.jpg,savari,213179580.jpg,2360
dataset/Combined Dataset/train/savari/213228565.jpg,savari,213228565.jpg,2361
dataset/Combined Dataset/train/savari/213269293.jpg,savari,213269293.jpg,2362
dataset/Combined Dataset/train/savari/213298031.jpg,savari,213298031.jpg,2363
dataset/Combined Dataset/train/savari/213322591.jpg,savari,213322591.jpg,2364
dataset/Combined Dataset/train/savari/213336730.jpg,savari,213336730.jpg,2365
dataset/Combined Dataset/train/savari/213387241.jpg,savari,213387241.jpg,2366
dataset/Combined Dataset/train/savari/213545578.jpg,savari,213545578.jpg,2367
dataset/Combined Dataset/train/savari/213558533.jpg,savari,213558533.jpg,2368
dataset/Combined Dataset/train/savari/213701981.jpg,savari,213701981.jpg,2369
dataset/Combined Dataset/train/savari/214217815.jpg,savari,214217815.jpg,2370
dataset/Combined Dataset/train/savari/214318978.jpg,savari,214318978.jpg,2371
dataset/Combined Dataset/train/savari/214344756.jpg,savari,214344756.jpg,2372
dataset/Combined Dataset/train/savari/214361998.jpg,savari,214361998.jpg,2373
dataset/Combined Dataset/train/savari/214391601.jpg,savari,214391601.jpg,2374
dataset/Combined Dataset/train/savari/214535283.jpg,savari,214535283.jpg,2375
dataset/Combined Dataset/train/savari/214536826.jpg,savari,214536826.jpg,2376
dataset/Combined Dataset/train/savari/214593501.jpg,savari,214593501.jpg,2377
dataset/Combined Dataset/train/savari/214619124.jpg,savari,214619124.jpg,2378
dataset/Combined Dataset/train/savari/214631845.jpg,savari,214631845.jpg,2379
dataset/Combined Dataset/train/savari/214643894.jpg,savari,214643894.jpg,2380
dataset/Combined Dataset/train/savari/214690824.jpg,savari,214690824.jpg,2381
dataset/Combined Dataset/train/savari/214692016.jpg,savari,214692016.jpg,2382
dataset/Combined Dataset/train/savari/214697912.jpg,savari,214697912.jpg,2383
dataset/Combined Dataset/train/savari/214729380.jpg,savari,214729380.jpg,2384
dataset/Combined Dataset/train/savari/214737191.jpg,savari,214737191.jpg,2385
dataset/Combined Dataset/train/savari/214749765.jpg,savari,214749765.jpg,2386
dataset/Combined Dataset/train/savari/214754706.jpg,savari,214754706.jpg,2387
dataset/Combined Dataset/train/savari/214764331.jpg,savari,214764331.jpg,2388
dataset/Combined Dataset/train/savari/214790427.jpg,savari,214790427.jpg,2389
dataset/Combined Dataset/train/savari/214818268.jpg,savari,214818268.jpg,2390
dataset/Combined Dataset/train/savari/214832756.jpg,savari,214832756.jpg,2391
dataset/Combined Dataset/train/savari/214835469.jpg,savari,214835469.jpg,2392
dataset/Combined Dataset/train/savari/214845815.jpg,savari,214845815.jpg,2393
dataset/Combined Dataset/train/savari/214848779.jpg,savari,214848779.jpg,2394
dataset/Combined Dataset/train/savari/215062582.jpg,savari,215062582.jpg,2395
dataset/Combined Dataset/train/savari/215119324.jpg,savari,215119324.jpg,2396
dataset/Combined Dataset/train/savari/215156551.jpg,savari,215156551.jpg,2397
dataset/Combined Dataset/train/savari/215184231.jpg,savari,215184231.jpg,2398
dataset/Combined Dataset/train/savari/215476329.jpg,savari,215476329.jpg,2399
dataset/Combined Dataset/train/savari/215537143.jpg,savari,215537143.jpg,2400
dataset/Combined Dataset/train/savari/215575196.jpg,savari,215575196.jpg,2401
dataset/Combined Dataset/train/savari/215700187.jpg,savari,215700187.jpg,2402
dataset/Combined Dataset/train/savari/215723061.jpg,savari,215723061.jpg,2403
dataset/Combined Dataset/train/savari/215767529.jpg,savari,215767529.jpg,2404
dataset/Combined Dataset/train/savari/215792985.jpg,savari,215792985.jpg,2405
dataset/Combined Dataset/train/savari/215797978.jpg,savari,215797978.jpg,2406
dataset/Combined Dataset/train/savari/215808755.jpg,savari,215808755.jpg,2407
dataset/Combined Dataset/train/savari/215841797.jpg,savari,215841797.jpg,2408
dataset/Combined Dataset/train/savari/215847437.jpg,savari,215847437.jpg,2409
dataset/Combined Dataset/train/savari/215899289.jpg,savari,215899289.jpg,2410
dataset/Combined Dataset/train/savari/215925240.jpg,savari,215925240.jpg,2411
dataset/Combined Dataset/train/savari/215933473.jpg,savari,215933473.jpg,2412
dataset/Combined Dataset/train/savari/215951198.jpg,savari,215951198.jpg,2413
dataset/Combined Dataset/train/savari/215962276.jpg,savari,215962276.jpg,2414
dataset/Combined Dataset/train/savari/215996726.jpg,savari,215996726.jpg,2415
dataset/Combined Dataset/train/savari/215997280.jpg,savari,215997280.jpg,2416
dataset/Combined Dataset/train/savari/216014638.jpg,savari,216014638.jpg,2417
dataset/Combined Dataset/train/savari/216019296.jpg,savari,216019296.jpg,2418
dataset/Combined Dataset/train/savari/216019459.jpg,savari,216019459.jpg,2419
dataset/Combined Dataset/train/savari/216020950.jpg,savari,216020950.jpg,2420
dataset/Combined Dataset/train/savari/216079172.jpg,savari,216079172.jpg,2421
dataset/Combined Dataset/train/savari/216079866.jpg,savari,216079866.jpg,2422
dataset/Combined Dataset/train/savari/216080208.jpg,savari,216080208.jpg,2423
dataset/Combined Dataset/train/savari/216106609.jpg,savari,216106609.jpg,2424
dataset/Combined Dataset/train/savari/216119295.jpg,savari,216119295.jpg,2425
dataset/Combined Dataset/train/savari/216120769.jpg,savari,216120769.jpg,2426
dataset/Combined Dataset/train/savari/216121140.jpg,savari,216121140.jpg,2427
dataset/Combined Dataset/train/savari/216129393.jpg,savari,216129393.jpg,2428
dataset/Combined Dataset/train/savari/216138705.jpg,savari,216138705.jpg,2429
dataset/Combined Dataset/train/savari/216155616.jpg,savari,216155616.jpg,2430
dataset/Combined Dataset/train/savari/216157894.jpg,savari,216157894.jpg,2431
dataset/Combined Dataset/train/savari/216182368.jpg,savari,216182368.jpg,2432
dataset/Combined Dataset/train/savari/216192117.jpg,savari,216192117.jpg,2433
dataset/Combined Dataset/train/savari/216232087.jpg,savari,216232087.jpg,2434
dataset/Combined Dataset/train/savari/216234933.jpg,savari,216234933.jpg,2435
dataset/Combined Dataset/train/savari/216246147.jpg,savari,216246147.jpg,2436
dataset/Combined Dataset/train/savari/216331636.jpg,savari,216331636.jpg,2437
dataset/Combined Dataset/train/savari/216348327.jpg,savari,216348327.jpg,2438
dataset/Combined Dataset/train/savari/216370669.jpg,savari,216370669.jpg,2439
dataset/Combined Dataset/train/savari/216418770.jpg,savari,216418770.jpg,2440
dataset/Combined Dataset/train/savari/216423320.jpg,savari,216423320.jpg,2441
dataset/Combined Dataset/train/savari/216426931.jpg,savari,216426931.jpg,2442
dataset/Combined Dataset/train/savari/216428705.jpg,savari,216428705.jpg,2443
dataset/Combined Dataset/train/savari/216442459.jpg,savari,216442459.jpg,2444
dataset/Combined Dataset/train/savari/216453356.jpg,savari,216453356.jpg,2445
dataset/Combined Dataset/train/savari/216522104.jpg,savari,216522104.jpg,2446
dataset/Combined Dataset/train/savari/216533289.jpg,savari,216533289.jpg,2447
dataset/Combined Dataset/train/savari/216539135.jpg,savari,216539135.jpg,2448
dataset/Combined Dataset/train/savari/216539715.jpg,savari,216539715.jpg,2449
dataset/Combined Dataset/train/savari/216562677.jpg,savari,216562677.jpg,2450
dataset/Combined Dataset/train/savari/216565316.jpg,savari,216565316.jpg,2451
dataset/Combined Dataset/train/savari/216570081.jpg,savari,216570081.jpg,2452
dataset/Combined Dataset/train/savari/216574742.jpg,savari,216574742.jpg,2453
dataset/Combined Dataset/train/savari/216585140.jpg,savari,216585140.jpg,2454
dataset/Combined Dataset/train/savari/216585891.jpg,savari,216585891.jpg,2455
dataset/Combined Dataset/train/savari/216586565.jpg,savari,216586565.jpg,2456
dataset/Combined Dataset/train/savari/216621071.jpg,savari,216621071.jpg,2457
dataset/Combined Dataset/train/savari/216623020.jpg,savari,216623020.jpg,2458
dataset/Combined Dataset/train/savari/216624283.jpg,savari,216624283.jpg,2459
dataset/Combined Dataset/train/savari/216624665.jpg,savari,216624665.jpg,2460
dataset/Combined Dataset/train/savari/216634139.jpg,savari,216634139.jpg,2461
dataset/Combined Dataset/train/savari/216655941.jpg,savari,216655941.jpg,2462
dataset/Combined Dataset/train/savari/216657566.jpg,savari,216657566.jpg,2463
dataset/Combined Dataset/train/savari/216661534.jpg,savari,216661534.jpg,2464
dataset/Combined Dataset/train/savari/216662449.jpg,savari,216662449.jpg,2465
dataset/Combined Dataset/train/savari/216679332.jpg,savari,216679332.jpg,2466
dataset/Combined Dataset/train/savari/216691992.jpg,savari,216691992.jpg,2467
dataset/Combined Dataset/train/savari/216694598.jpg,savari,216694598.jpg,2468
dataset/Combined Dataset/train/savari/216704359.jpg,savari,216704359.jpg,2469
dataset/Combined Dataset/train/savari/216707659.jpg,savari,216707659.jpg,2470
dataset/Combined Dataset/train/savari/216722981.jpg,savari,216722981.jpg,2471
dataset/Combined Dataset/train/savari/216729257.jpg,savari,216729257.jpg,2472
dataset/Combined Dataset/train/savari/216733797.jpg,savari,216733797.jpg,2473
dataset/Combined Dataset/train/savari/216751233.jpg,savari,216751233.jpg,2474
dataset/Combined Dataset/train/savari/216757355.jpg,savari,216757355.jpg,2475
dataset/Combined Dataset/train/savari/216767197.jpg,savari,216767197.jpg,2476
dataset/Combined Dataset/train/savari/216802984.jpg,savari,216802984.jpg,2477
dataset/Combined Dataset/train/savari/216809812.jpg,savari,216809812.jpg,2478
dataset/Combined Dataset/train/savari/216814138.jpg,savari,216814138.jpg,2479
dataset/Combined Dataset/train/savari/216824152.jpg,savari,216824152.jpg,2480
dataset/Combined Dataset/train/savari/216826110.jpg,savari,216826110.jpg,2481
dataset/Combined Dataset/train/savari/216840028.jpg,savari,216840028.jpg,2482
dataset/Combined Dataset/train/savari/216856504.jpg,savari,216856504.jpg,2483
dataset/Combined Dataset/train/savari/216858353.jpg,savari,216858353.jpg,2484
dataset/Combined Dataset/train/savari/216860877.jpg,savari,216860877.jpg,2485
dataset/Combined Dataset/train/savari/216899188.jpg,savari,216899188.jpg,2486
dataset/Combined Dataset/train/savari/216902320.jpg,savari,216902320.jpg,2487
dataset/Combined Dataset/train/savari/216912005.jpg,savari,216912005.jpg,2488
dataset/Combined Dataset/train/savari/216915296.jpg,savari,216915296.jpg,2489
dataset/Combined Dataset/train/savari/216956677.jpg,savari,216956677.jpg,2490
dataset/Combined Dataset/train/savari/216960089.jpg,savari,216960089.jpg,2491
dataset/Combined Dataset/train/savari/216968563.jpg,savari,216968563.jpg,2492
dataset/Combined Dataset/train/savari/216973782.jpg,savari,216973782.jpg,2493
dataset/Combined Dataset/train/savari/217001814.jpg,savari,217001814.jpg,2494
dataset/Combined Dataset/train/savari/217011281.jpg,savari,217011281.jpg,2495
dataset/Combined Dataset/train/savari/217014334.jpg,savari,217014334.jpg,2496
dataset/Combined Dataset/train/savari/217021452.jpg,savari,217021452.jpg,2497
dataset/Combined Dataset/train/savari/217026272.jpg,savari,217026272.jpg,2498
dataset/Combined Dataset/train/savari/217040826.jpg,savari,217040826.jpg,2499
dataset/Combined Dataset/train/savari/217054235.jpg,savari,217054235.jpg,2500
dataset/Combined Dataset/train/savari/217066965.jpg,savari,217066965.jpg,2501
dataset/Combined Dataset/train/savari/217103048.jpg,savari,217103048.jpg,2502
dataset/Combined Dataset/train/savari/217108489.jpg,savari,217108489.jpg,2503
dataset/Combined Dataset/train/savari/217115848.jpg,savari,217115848.jpg,2504
dataset/Combined Dataset/train/savari/217128837.jpg,savari,217128837.jpg,2505
dataset/Combined Dataset/train/savari/217164961.jpg,savari,217164961.jpg,2506
dataset/Combined Dataset/train/savari/217174516.jpg,savari,217174516.jpg,2507
dataset/Combined Dataset/train/savari/217203738.jpg,savari,217203738.jpg,2508
dataset/Combined Dataset/train/savari/217243561.jpg,savari,217243561.jpg,2509
dataset/Combined Dataset/train/savari/217248973.jpg,savari,217248973.jpg,2510
dataset/Combined Dataset/train/savari/217249647.jpg,savari,217249647.jpg,2511
dataset/Combined Dataset/train/savari/217253879.jpg,savari,217253879.jpg,2512
dataset/Combined Dataset/train/savari/217259942.jpg,savari,217259942.jpg,2513
dataset/Combined Dataset/train/savari/217266476.jpg,savari,217266476.jpg,2514
dataset/Combined Dataset/train/savari/217267545.jpg,savari,217267545.jpg,2515
dataset/Combined Dataset/train/savari/217279795.jpg,savari,217279795.jpg,2516
dataset/Combined Dataset/train/savari/217280199.jpg,savari,217280199.jpg,2517
dataset/Combined Dataset/train/savari/217283312.jpg,savari,217283312.jpg,2518
dataset/Combined Dataset/train/savari/217301960.jpg,savari,217301960.jpg,2519
dataset/Combined Dataset/train/savari/217304565.jpg,savari,217304565.jpg,2520
dataset/Combined Dataset/train/savari/217318570.jpg,savari,217318570.jpg,2521
dataset/Combined Dataset/train/savari/217339387.jpg,savari,217339387.jpg,2522
dataset/Combined Dataset/train/savari/217368312.jpg,savari,217368312.jpg,2523
dataset/Combined Dataset/train/savari/217377450.jpg,savari,217377450.jpg,2524
dataset/Combined Dataset/train/savari/217377465.jpg,savari,217377465.jpg,2525
dataset/Combined Dataset/train/savari/217378404.jpg,savari,217378404.jpg,2526
dataset/Combined Dataset/train/savari/217384414.jpg,savari,217384414.jpg,2527
dataset/Combined Dataset/train/savari/217387431.jpg,savari,217387431.jpg,2528
dataset/Combined Dataset/train/savari/217393464.jpg,savari,217393464.jpg,2529
dataset/Combined Dataset/train/savari/217403096.jpg,savari,217403096.jpg,2530
dataset/Combined Dataset/train/savari/217408734.jpg,savari,217408734.jpg,2531
dataset/Combined Dataset/train/savari/217430133.jpg,savari,217430133.jpg,2532
dataset/Combined Dataset/train/savari/217448062.jpg,savari,217448062.jpg,2533
dataset/Combined Dataset/train/savari/217486577.jpg,savari,217486577.jpg,2534
dataset/Combined Dataset/train/savari/217504043.jpg,savari,217504043.jpg,2535
dataset/Combined Dataset/train/savari/217510361.jpg,savari,217510361.jpg,2536
dataset/Combined Dataset/train/savari/217516553.jpg,savari,217516553.jpg,2537
dataset/Combined Dataset/train/savari/217522146.jpg,savari,217522146.jpg,2538
dataset/Combined Dataset/train/savari/217528722.jpg,savari,217528722.jpg,2539
dataset/Combined Dataset/train/savari/217560232.jpg,savari,217560232.jpg,2540
dataset/Combined Dataset/train/savari/217561081.jpg,savari,217561081.jpg,2541
dataset/Combined Dataset/train/savari/217567603.jpg,savari,217567603.jpg,2542
dataset/Combined Dataset/train/savari/217595807.jpg,savari,217595807.jpg,2543
dataset/Combined Dataset/train/savari/217596839.jpg,savari,217596839.jpg,2544
dataset/Combined Dataset/train/savari/217605723.jpg,savari,217605723.jpg,2545
dataset/Combined Dataset/train/savari/217617097.jpg,savari,217617097.jpg,2546
dataset/Combined Dataset/train/savari/217648709.jpg,savari,217648709.jpg,2547
dataset/Combined Dataset/train/savari/217664284.jpg,savari,217664284.jpg,2548
dataset/Combined Dataset/train/savari/217678723.jpg,savari,217678723.jpg,2549
dataset/Combined Dataset/train/savari/217699390.jpg,savari,217699390.jpg,2550
dataset/Combined Dataset/train/savari/217709880.jpg,savari,217709880.jpg,2551
dataset/Combined Dataset/train/savari/217737227.jpg,savari,217737227.jpg,2552
dataset/Combined Dataset/train/savari/217737871.jpg,savari,217737871.jpg,2553
dataset/Combined Dataset/train/savari/217746881.jpg,savari,217746881.jpg,2554
dataset/Combined Dataset/train/savari/217755103.jpg,savari,217755103.jpg,2555
dataset/Combined Dataset/train/savari/217768353.jpg,savari,217768353.jpg,2556
dataset/Combined Dataset/train/savari/217841511.jpg,savari,217841511.jpg,2557
dataset/Combined Dataset/train/savari/217937778.jpg,savari,217937778.jpg,2558
dataset/Combined Dataset/train/savari/217939245.jpg,savari,217939245.jpg,2559
dataset/Combined Dataset/train/savari/217945404.jpg,savari,217945404.jpg,2560
dataset/Combined Dataset/train/savari/217985851.jpg,savari,217985851.jpg,2561
dataset/Combined Dataset/train/savari/218003673.jpg,savari,218003673.jpg,2562
dataset/Combined Dataset/train/savari/218043366.jpg,savari,218043366.jpg,2563
dataset/Combined Dataset/train/savari/218051598.jpg,savari,218051598.jpg,2564
dataset/Combined Dataset/train/savari/218055833.jpg,savari,218055833.jpg,2565
dataset/Combined Dataset/train/savari/218077655.jpg,savari,218077655.jpg,2566
dataset/Combined Dataset/train/savari/218141985.jpg,savari,218141985.jpg,2567
dataset/Combined Dataset/train/savari/218159810.jpg,savari,218159810.jpg,2568
dataset/Combined Dataset/train/savari/218166407.jpg,savari,218166407.jpg,2569
dataset/Combined Dataset/train/savari/218187376.jpg,savari,218187376.jpg,2570
dataset/Combined Dataset/train/savari/218198627.jpg,savari,218198627.jpg,2571
dataset/Combined Dataset/train/savari/218202038.jpg,savari,218202038.jpg,2572
dataset/Combined Dataset/train/savari/218220982.jpg,savari,218220982.jpg,2573
dataset/Combined Dataset/train/savari/218223019.jpg,savari,218223019.jpg,2574
dataset/Combined Dataset/train/savari/218224358.jpg,savari,218224358.jpg,2575
dataset/Combined Dataset/train/savari/218252931.jpg,savari,218252931.jpg,2576
dataset/Combined Dataset/train/savari/218266205.jpg,savari,218266205.jpg,2577
dataset/Combined Dataset/train/savari/218298842.jpg,savari,218298842.jpg,2578
dataset/Combined Dataset/train/savari/218304819.jpg,savari,218304819.jpg,2579
dataset/Combined Dataset/train/savari/218307784.jpg,savari,218307784.jpg,2580
dataset/Combined Dataset/train/savari/218307934.jpg,savari,218307934.jpg,2581
dataset/Combined Dataset/train/savari/218310441.jpg,savari,218310441.jpg,2582
dataset/Combined Dataset/train/savari/218311049.jpg,savari,218311049.jpg,2583
dataset/Combined Dataset/train/savari/218315298.jpg,savari,218315298.jpg,2584
dataset/Combined Dataset/train/savari/218315557.jpg,savari,218315557.jpg,2585
dataset/Combined Dataset/train/savari/218327694.jpg,savari,218327694.jpg,2586
dataset/Combined Dataset/train/savari/218328926.jpg,savari,218328926.jpg,2587
dataset/Combined Dataset/train/savari/218335799.jpg,savari,218335799.jpg,2588
dataset/Combined Dataset/train/savari/218355363.jpg,savari,218355363.jpg,2589
dataset/Combined Dataset/train/savari/218362132.jpg,savari,218362132.jpg,2590
dataset/Combined Dataset/train/savari/218372965.jpg,savari,218372965.jpg,2591
dataset/Combined Dataset/train/savari/218467171.jpg,savari,218467171.jpg,2592
dataset/Combined Dataset/train/savari/218493796.jpg,savari,218493796.jpg,2593
dataset/Combined Dataset/train/savari/218522644.jpg,savari,218522644.jpg,2594
dataset/Combined Dataset/train/savari/218545382.jpg,savari,218545382.jpg,2595
dataset/Combined Dataset/train/savari/218569012.jpg,savari,218569012.jpg,2596
dataset/Combined Dataset/train/savari/218569843.jpg,savari,218569843.jpg,2597
dataset/Combined Dataset/train/savari/218577056.jpg,savari,218577056.jpg,2598
dataset/Combined Dataset/train/savari/218584705.jpg,savari,218584705.jpg,2599
dataset/Combined Dataset/train/savari/218591795.jpg,savari,218591795.jpg,2600
dataset/Combined Dataset/train/savari/218594536.jpg,savari,218594536.jpg,2601
dataset/Combined Dataset/train/savari/218641908.jpg,savari,218641908.jpg,2602
dataset/Combined Dataset/train/savari/218644350.jpg,savari,218644350.jpg,2603
dataset/Combined Dataset/train/savari/218681566.jpg,savari,218681566.jpg,2604
dataset/Combined Dataset/train/savari/218689207.jpg,savari,218689207.jpg,2605
dataset/Combined Dataset/train/savari/218692987.jpg,savari,218692987.jpg,2606
dataset/Combined Dataset/train/savari/218693364.jpg,savari,218693364.jpg,2607
dataset/Combined Dataset/train/savari/218711427.jpg,savari,218711427.jpg,2608
dataset/Combined Dataset/train/savari/218713286.jpg,savari,218713286.jpg,2609
dataset/Combined Dataset/train/savari/218721508.jpg,savari,218721508.jpg,2610
dataset/Combined Dataset/train/savari/218722193.jpg,savari,218722193.jpg,2611
dataset/Combined Dataset/train/savari/218726882.jpg,savari,218726882.jpg,2612
dataset/Combined Dataset/train/savari/218734546.jpg,savari,218734546.jpg,2613
dataset/Combined Dataset/train/savari/218743709.jpg,savari,218743709.jpg,2614
dataset/Combined Dataset/train/savari/218745573.jpg,savari,218745573.jpg,2615
dataset/Combined Dataset/train/savari/218745687.jpg,savari,218745687.jpg,2616
dataset/Combined Dataset/train/savari/218777011.jpg,savari,218777011.jpg,2617
dataset/Combined Dataset/train/savari/218777657.jpg,savari,218777657.jpg,2618
dataset/Combined Dataset/train/savari/218787990.jpg,savari,218787990.jpg,2619
dataset/Combined Dataset/train/savari/218819463.jpg,savari,218819463.jpg,2620
dataset/Combined Dataset/train/savari/218822178.jpg,savari,218822178.jpg,2621
dataset/Combined Dataset/train/savari/218827119.jpg,savari,218827119.jpg,2622
dataset/Combined Dataset/train/savari/218868809.jpg,savari,218868809.jpg,2623
dataset/Combined Dataset/train/savari/218899462.jpg,savari,218899462.jpg,2624
dataset/Combined Dataset/train/savari/218943099.jpg,savari,218943099.jpg,2625
dataset/Combined Dataset/train/savari/218944137.jpg,savari,218944137.jpg,2626
dataset/Combined Dataset/train/savari/218949284.jpg,savari,218949284.jpg,2627
dataset/Combined Dataset/train/savari/218953537.jpg,savari,218953537.jpg,2628
dataset/Combined Dataset/train/savari/218954447.jpg,savari,218954447.jpg,2629
dataset/Combined Dataset/train/savari/218958124.jpg,savari,218958124.jpg,2630
dataset/Combined Dataset/train/savari/218985685.jpg,savari,218985685.jpg,2631
dataset/Combined Dataset/train/savari/218986062.jpg,savari,218986062.jpg,2632
dataset/Combined Dataset/train/savari/218987822.jpg,savari,218987822.jpg,2633
dataset/Combined Dataset/train/savari/218989944.jpg,savari,218989944.jpg,2634
dataset/Combined Dataset/train/savari/219006680.jpg,savari,219006680.jpg,2635
dataset/Combined Dataset/train/savari/219008456.jpg,savari,219008456.jpg,2636
dataset/Combined Dataset/train/savari/219049738.jpg,savari,219049738.jpg,2637
dataset/Combined Dataset/train/savari/219084529.jpg,savari,219084529.jpg,2638
dataset/Combined Dataset/train/savari/219093208.jpg,savari,219093208.jpg,2639
dataset/Combined Dataset/train/taxi/193797292.jpg,taxi,193797292.jpg,2640
dataset/Combined Dataset/train/taxi/194297941.jpg,taxi,194297941.jpg,2641
dataset/Combined Dataset/train/taxi/195141634.jpg,taxi,195141634.jpg,2642
dataset/Combined Dataset/train/taxi/195273350.jpg,taxi,195273350.jpg,2643
dataset/Combined Dataset/train/taxi/195950678.jpg,taxi,195950678.jpg,2644
dataset/Combined Dataset/train/taxi/196019684.jpg,taxi,196019684.jpg,2645
dataset/Combined Dataset/train/taxi/196271367.jpg,taxi,196271367.jpg,2646
dataset/Combined Dataset/train/taxi/196711537.jpg,taxi,196711537.jpg,2647
dataset/Combined Dataset/train/taxi/196727449.jpg,taxi,196727449.jpg,2648
dataset/Combined Dataset/train/taxi/196859984.jpg,taxi,196859984.jpg,2649
dataset/Combined Dataset/train/taxi/196903889.jpg,taxi,196903889.jpg,2650
dataset/Combined Dataset/train/taxi/196935725.jpg,taxi,196935725.jpg,2651
dataset/Combined Dataset/train/taxi/197011132.jpg,taxi,197011132.jpg,2652
dataset/Combined Dataset/train/taxi/197032336.jpg,taxi,197032336.jpg,2653
dataset/Combined Dataset/train/taxi/197362638.jpg,taxi,197362638.jpg,2654
dataset/Combined Dataset/train/taxi/197408900.jpg,taxi,197408900.jpg,2655
dataset/Combined Dataset/train/taxi/197838399.jpg,taxi,197838399.jpg,2656
dataset/Combined Dataset/train/taxi/197862478.jpg,taxi,197862478.jpg,2657
dataset/Combined Dataset/train/taxi/198048598.jpg,taxi,198048598.jpg,2658
dataset/Combined Dataset/train/taxi/198065488.jpg,taxi,198065488.jpg,2659
dataset/Combined Dataset/train/taxi/198088855.jpg,taxi,198088855.jpg,2660
dataset/Combined Dataset/train/taxi/198126746.jpg,taxi,198126746.jpg,2661
dataset/Combined Dataset/train/taxi/198214415.jpg,taxi,198214415.jpg,2662
dataset/Combined Dataset/train/taxi/198241462.jpg,taxi,198241462.jpg,2663
dataset/Combined Dataset/train/taxi/198289203.jpg,taxi,198289203.jpg,2664
dataset/Combined Dataset/train/taxi/198359281.jpg,taxi,198359281.jpg,2665
dataset/Combined Dataset/train/taxi/198459778.jpg,taxi,198459778.jpg,2666
dataset/Combined Dataset/train/taxi/198521544.jpg,taxi,198521544.jpg,2667
dataset/Combined Dataset/train/taxi/198548695.jpg,taxi,198548695.jpg,2668
dataset/Combined Dataset/train/taxi/198633794.jpg,taxi,198633794.jpg,2669
dataset/Combined Dataset/train/taxi/198686634.jpg,taxi,198686634.jpg,2670
dataset/Combined Dataset/train/taxi/198784132.jpg,taxi,198784132.jpg,2671
dataset/Combined Dataset/train/taxi/198935466.jpg,taxi,198935466.jpg,2672
dataset/Combined Dataset/train/taxi/199039305.jpg,taxi,199039305.jpg,2673
dataset/Combined Dataset/train/taxi/199044255.jpg,taxi,199044255.jpg,2674
dataset/Combined Dataset/train/taxi/199096740.jpg,taxi,199096740.jpg,2675
dataset/Combined Dataset/train/taxi/199202965.jpg,taxi,199202965.jpg,2676
dataset/Combined Dataset/train/taxi/199209656.jpg,taxi,199209656.jpg,2677
dataset/Combined Dataset/train/taxi/199494864.jpg,taxi,199494864.jpg,2678
dataset/Combined Dataset/train/taxi/199661592.jpg,taxi,199661592.jpg,2679
dataset/Combined Dataset/train/taxi/199704344.jpg,taxi,199704344.jpg,2680
dataset/Combined Dataset/train/taxi/199796114.jpg,taxi,199796114.jpg,2681
dataset/Combined Dataset/train/taxi/199808827.jpg,taxi,199808827.jpg,2682
dataset/Combined Dataset/train/taxi/199946477.jpg,taxi,199946477.jpg,2683
dataset/Combined Dataset/train/taxi/199975006.jpg,taxi,199975006.jpg,2684
dataset/Combined Dataset/train/taxi/199993681.jpg,taxi,199993681.jpg,2685
dataset/Combined Dataset/train/taxi/199994844.jpg,taxi,199994844.jpg,2686
dataset/Combined Dataset/train/taxi/200016494.jpg,taxi,200016494.jpg,2687
dataset/Combined Dataset/train/taxi/200088909.jpg,taxi,200088909.jpg,2688
dataset/Combined Dataset/train/taxi/200264885.jpg,taxi,200264885.jpg,2689
dataset/Combined Dataset/train/taxi/200326261.jpg,taxi,200326261.jpg,2690
dataset/Combined Dataset/train/taxi/200643840.jpg,taxi,200643840.jpg,2691
dataset/Combined Dataset/train/taxi/203730891.jpg,taxi,203730891.jpg,2692
dataset/Combined Dataset/train/taxi/206803325.jpg,taxi,206803325.jpg,2693
dataset/Combined Dataset/train/taxi/211554070.jpg,taxi,211554070.jpg,2694
dataset/Combined Dataset/train/taxi/211642643.jpg,taxi,211642643.jpg,2695
dataset/Combined Dataset/train/taxi/211667354.jpg,taxi,211667354.jpg,2696
dataset/Combined Dataset/train/taxi/211773485.jpg,taxi,211773485.jpg,2697
dataset/Combined Dataset/train/taxi/211808559.jpg,taxi,211808559.jpg,2698
dataset/Combined Dataset/train/taxi/211808656.jpg,taxi,211808656.jpg,2699
dataset/Combined Dataset/train/taxi/211856112.jpg,taxi,211856112.jpg,2700
dataset/Combined Dataset/train/taxi/211861167.jpg,taxi,211861167.jpg,2701
dataset/Combined Dataset/train/taxi/211928111.jpg,taxi,211928111.jpg,2702
dataset/Combined Dataset/train/taxi/211997826.jpg,taxi,211997826.jpg,2703
dataset/Combined Dataset/train/taxi/212015814.jpg,taxi,212015814.jpg,2704
dataset/Combined Dataset/train/taxi/212080463.jpg,taxi,212080463.jpg,2705
dataset/Combined Dataset/train/taxi/212110018.jpg,taxi,212110018.jpg,2706
dataset/Combined Dataset/train/taxi/212197580.jpg,taxi,212197580.jpg,2707
dataset/Combined Dataset/train/taxi/212216436.jpg,taxi,212216436.jpg,2708
dataset/Combined Dataset/train/taxi/212237527.jpg,taxi,212237527.jpg,2709
dataset/Combined Dataset/train/taxi/212338658.jpg,taxi,212338658.jpg,2710
dataset/Combined Dataset/train/taxi/212354100.jpg,taxi,212354100.jpg,2711
dataset/Combined Dataset/train/taxi/212411751.jpg,taxi,212411751.jpg,2712
dataset/Combined Dataset/train/taxi/212460719.jpg,taxi,212460719.jpg,2713
dataset/Combined Dataset/train/taxi/212492667.jpg,taxi,212492667.jpg,2714
dataset/Combined Dataset/train/taxi/212512475.jpg,taxi,212512475.jpg,2715
dataset/Combined Dataset/train/taxi/212538464.jpg,taxi,212538464.jpg,2716
dataset/Combined Dataset/train/taxi/212556511.jpg,taxi,212556511.jpg,2717
dataset/Combined Dataset/train/taxi/212584711.jpg,taxi,212584711.jpg,2718
dataset/Combined Dataset/train/taxi/212714723.jpg,taxi,212714723.jpg,2719
dataset/Combined Dataset/train/taxi/212737728.jpg,taxi,212737728.jpg,2720
dataset/Combined Dataset/train/taxi/212746503.jpg,taxi,212746503.jpg,2721
dataset/Combined Dataset/train/taxi/212778844.jpg,taxi,212778844.jpg,2722
dataset/Combined Dataset/train/taxi/213011071.jpg,taxi,213011071.jpg,2723
dataset/Combined Dataset/train/taxi/213061361.jpg,taxi,213061361.jpg,2724
dataset/Combined Dataset/train/taxi/213163041.jpg,taxi,213163041.jpg,2725
dataset/Combined Dataset/train/taxi/213169109.jpg,taxi,213169109.jpg,2726
dataset/Combined Dataset/train/taxi/213192920.jpg,taxi,213192920.jpg,2727
dataset/Combined Dataset/train/taxi/213219294.jpg,taxi,213219294.jpg,2728
dataset/Combined Dataset/train/taxi/213293394.jpg,taxi,213293394.jpg,2729
dataset/Combined Dataset/train/taxi/213300692.jpg,taxi,213300692.jpg,2730
dataset/Combined Dataset/train/taxi/213424798.jpg,taxi,213424798.jpg,2731
dataset/Combined Dataset/train/taxi/213492354.jpg,taxi,213492354.jpg,2732
dataset/Combined Dataset/train/taxi/213590830.jpg,taxi,213590830.jpg,2733
dataset/Combined Dataset/train/taxi/213603022.jpg,taxi,213603022.jpg,2734
dataset/Combined Dataset/train/taxi/213625241.jpg,taxi,213625241.jpg,2735
dataset/Combined Dataset/train/taxi/213723238.jpg,taxi,213723238.jpg,2736
dataset/Combined Dataset/train/taxi/213771064.jpg,taxi,213771064.jpg,2737
dataset/Combined Dataset/train/taxi/214281537.jpg,taxi,214281537.jpg,2738
dataset/Combined Dataset/train/taxi/214350776.jpg,taxi,214350776.jpg,2739
dataset/Combined Dataset/train/taxi/214415281.jpg,taxi,214415281.jpg,2740
dataset/Combined Dataset/train/taxi/214429642.jpg,taxi,214429642.jpg,2741
dataset/Combined Dataset/train/taxi/214543438.jpg,taxi,214543438.jpg,2742
dataset/Combined Dataset/train/taxi/214583113.jpg,taxi,214583113.jpg,2743
dataset/Combined Dataset/train/taxi/214612979.jpg,taxi,214612979.jpg,2744
dataset/Combined Dataset/train/taxi/214628757.jpg,taxi,214628757.jpg,2745
dataset/Combined Dataset/train/taxi/214640530.jpg,taxi,214640530.jpg,2746
dataset/Combined Dataset/train/taxi/214678598.jpg,taxi,214678598.jpg,2747
dataset/Combined Dataset/train/taxi/214685953.jpg,taxi,214685953.jpg,2748
dataset/Combined Dataset/train/taxi/214698644.jpg,taxi,214698644.jpg,2749
dataset/Combined Dataset/train/taxi/214699680.jpg,taxi,214699680.jpg,2750
dataset/Combined Dataset/train/taxi/214713078.jpg,taxi,214713078.jpg,2751
dataset/Combined Dataset/train/taxi/214738834.jpg,taxi,214738834.jpg,2752
dataset/Combined Dataset/train/taxi/214741348.jpg,taxi,214741348.jpg,2753
dataset/Combined Dataset/train/taxi/214743143.jpg,taxi,214743143.jpg,2754
dataset/Combined Dataset/train/taxi/214750508.jpg,taxi,214750508.jpg,2755
dataset/Combined Dataset/train/taxi/214752341.jpg,taxi,214752341.jpg,2756
dataset/Combined Dataset/train/taxi/214761981.jpg,taxi,214761981.jpg,2757
dataset/Combined Dataset/train/taxi/214791515.jpg,taxi,214791515.jpg,2758
dataset/Combined Dataset/train/taxi/214804869.jpg,taxi,214804869.jpg,2759
dataset/Combined Dataset/train/taxi/214811342.jpg,taxi,214811342.jpg,2760
dataset/Combined Dataset/train/taxi/214833819.jpg,taxi,214833819.jpg,2761
dataset/Combined Dataset/train/taxi/214842341.jpg,taxi,214842341.jpg,2762
dataset/Combined Dataset/train/taxi/215049694.jpg,taxi,215049694.jpg,2763
dataset/Combined Dataset/train/taxi/215057971.jpg,taxi,215057971.jpg,2764
dataset/Combined Dataset/train/taxi/215062575.jpg,taxi,215062575.jpg,2765
dataset/Combined Dataset/train/taxi/215086606.jpg,taxi,215086606.jpg,2766
dataset/Combined Dataset/train/taxi/215086610.jpg,taxi,215086610.jpg,2767
dataset/Combined Dataset/train/taxi/215089910.jpg,taxi,215089910.jpg,2768
dataset/Combined Dataset/train/taxi/215096099.jpg,taxi,215096099.jpg,2769
dataset/Combined Dataset/train/taxi/215098353.jpg,taxi,215098353.jpg,2770
dataset/Combined Dataset/train/taxi/215105398.jpg,taxi,215105398.jpg,2771
dataset/Combined Dataset/train/taxi/215131777.jpg,taxi,215131777.jpg,2772
dataset/Combined Dataset/train/taxi/215162820.jpg,taxi,215162820.jpg,2773
dataset/Combined Dataset/train/taxi/215179571.jpg,taxi,215179571.jpg,2774
dataset/Combined Dataset/train/taxi/215184166.jpg,taxi,215184166.jpg,2775
dataset/Combined Dataset/train/taxi/215186511.jpg,taxi,215186511.jpg,2776
dataset/Combined Dataset/train/taxi/215261693.jpg,taxi,215261693.jpg,2777
dataset/Combined Dataset/train/taxi/215263228.jpg,taxi,215263228.jpg,2778
dataset/Combined Dataset/train/taxi/215503531.jpg,taxi,215503531.jpg,2779
dataset/Combined Dataset/train/taxi/215558511.jpg,taxi,215558511.jpg,2780
dataset/Combined Dataset/train/taxi/215570730.jpg,taxi,215570730.jpg,2781
dataset/Combined Dataset/train/taxi/215575671.jpg,taxi,215575671.jpg,2782
dataset/Combined Dataset/train/taxi/215578060.jpg,taxi,215578060.jpg,2783
dataset/Combined Dataset/train/taxi/215581089.jpg,taxi,215581089.jpg,2784
dataset/Combined Dataset/train/taxi/215591038.jpg,taxi,215591038.jpg,2785
dataset/Combined Dataset/train/taxi/215608527.jpg,taxi,215608527.jpg,2786
dataset/Combined Dataset/train/taxi/215610691.jpg,taxi,215610691.jpg,2737
dataset/Combined Dataset/train/taxi/215626542.jpg,taxi,215626542.jpg,2788
dataset/Combined Dataset/train/taxi/215631113.jpg,taxi,215631113.jpg,2789
dataset/Combined Dataset/train/taxi/215631129.jpg,taxi,215631129.jpg,2790
dataset/Combined Dataset/train/taxi/215647683.jpg,taxi,215647683.jpg,2791
dataset/Combined Dataset/train/taxi/215658087.jpg,taxi,215658087.jpg,2792
dataset/Combined Dataset/train/taxi/215679375.jpg,taxi,215679375.jpg,2793
dataset/Combined Dataset/train/taxi/215681913.jpg,taxi,215681913.jpg,2794
dataset/Combined Dataset/train/taxi/215689485.jpg,taxi,215689485.jpg,2795
dataset/Combined Dataset/train/taxi/215694229.jpg,taxi,215694229.jpg,2796
dataset/Combined Dataset/train/taxi/215701889.jpg,taxi,215701889.jpg,2797
dataset/Combined Dataset/train/taxi/215704125.jpg,taxi,215704125.jpg,2798
dataset/Combined Dataset/train/taxi/215710435.jpg,taxi,215710435.jpg,2799
dataset/Combined Dataset/train/taxi/215712033.jpg,taxi,215712033.jpg,2800
dataset/Combined Dataset/train/taxi/215729322.jpg,taxi,215729322.jpg,2801
dataset/Combined Dataset/train/taxi/215730723.jpg,taxi,215730723.jpg,2802
dataset/Combined Dataset/train/taxi/215733952.jpg,taxi,215733952.jpg,2803
dataset/Combined Dataset/train/taxi/215734816.jpg,taxi,215734816.jpg,2804
dataset/Combined Dataset/train/taxi/215741938.jpg,taxi,215741938.jpg,2805
dataset/Combined Dataset/train/taxi/215771511.jpg,taxi,215771511.jpg,2806
dataset/Combined Dataset/train/taxi/215772638.jpg,taxi,215772638.jpg,2807
dataset/Combined Dataset/train/taxi/215773124.jpg,taxi,215773124.jpg,2808
dataset/Combined Dataset/train/taxi/215777419.jpg,taxi,215777419.jpg,2809
dataset/Combined Dataset/train/taxi/215802930.jpg,taxi,215802930.jpg,2810
dataset/Combined Dataset/train/taxi/215804635.jpg,taxi,215804635.jpg,2811
dataset/Combined Dataset/train/taxi/215818747.jpg,taxi,215818747.jpg,2812
dataset/Combined Dataset/train/taxi/215822416.jpg,taxi,215822416.jpg,2813
dataset/Combined Dataset/train/taxi/215833228.jpg,taxi,215833228.jpg,2814
dataset/Combined Dataset/train/taxi/215840117.jpg,taxi,215840117.jpg,2815
dataset/Combined Dataset/train/taxi/215854075.jpg,taxi,215854075.jpg,2816
dataset/Combined Dataset/train/taxi/215875418.jpg,taxi,215875418.jpg,2817
dataset/Combined Dataset/train/taxi/215878168.jpg,taxi,215878168.jpg,2818
dataset/Combined Dataset/train/taxi/215891348.jpg,taxi,215891348.jpg,2819
dataset/Combined Dataset/train/taxi/215905052.jpg,taxi,215905052.jpg,2820
dataset/Combined Dataset/train/taxi/215920981.jpg,taxi,215920981.jpg,2821
dataset/Combined Dataset/train/taxi/215928273.jpg,taxi,215928273.jpg,2822
dataset/Combined Dataset/train/taxi/215948383.jpg,taxi,215948383.jpg,2823
dataset/Combined Dataset/train/taxi/215970135.jpg,taxi,215970135.jpg,2824
dataset/Combined Dataset/train/taxi/215998371.jpg,taxi,215998371.jpg,2825
dataset/Combined Dataset/train/taxi/216003493.jpg,taxi,216003493.jpg,2826
dataset/Combined Dataset/train/taxi/216006259.jpg,taxi,216006259.jpg,2827
dataset/Combined Dataset/train/taxi/216008159.jpg,taxi,216008159.jpg,2828
dataset/Combined Dataset/train/taxi/216016502.jpg,taxi,216016502.jpg,2829
dataset/Combined Dataset/train/taxi/216017859.jpg,taxi,216017859.jpg,2830
dataset/Combined Dataset/train/taxi/216019687.jpg,taxi,216019687.jpg,2831
dataset/Combined Dataset/train/taxi/216029720.jpg,taxi,216029720.jpg,2832
dataset/Combined Dataset/train/taxi/216041867.jpg,taxi,216041867.jpg,2833
dataset/Combined Dataset/train/taxi/216047371.jpg,taxi,216047371.jpg,2834
dataset/Combined Dataset/train/taxi/216052387.jpg,taxi,216052387.jpg,2835
dataset/Combined Dataset/train/taxi/216061960.jpg,taxi,216061960.jpg,2836
dataset/Combined Dataset/train/taxi/216070972.jpg,taxi,216070972.jpg,2837
dataset/Combined Dataset/train/taxi/216079256.jpg,taxi,216079256.jpg,2838
dataset/Combined Dataset/train/taxi/216098185.jpg,taxi,216098185.jpg,2839
dataset/Combined Dataset/train/taxi/216110847.jpg,taxi,216110847.jpg,2840
dataset/Combined Dataset/train/taxi/216111008.jpg,taxi,216111008.jpg,2841
dataset/Combined Dataset/train/taxi/216118231.jpg,taxi,216118231.jpg,2842
dataset/Combined Dataset/train/taxi/216125287.jpg,taxi,216125287.jpg,2843
dataset/Combined Dataset/train/taxi/216140407.jpg,taxi,216140407.jpg,2844
dataset/Combined Dataset/train/taxi/216177990.jpg,taxi,216177990.jpg,2845
dataset/Combined Dataset/train/taxi/216203466.jpg,taxi,216203466.jpg,2846
dataset/Combined Dataset/train/taxi/216207089.jpg,taxi,216207089.jpg,2847
dataset/Combined Dataset/train/taxi/216207428.jpg,taxi,216207428.jpg,2848
dataset/Combined Dataset/train/taxi/216209734.jpg,taxi,216209734.jpg,2849
dataset/Combined Dataset/train/taxi/216210740.jpg,taxi,216210740.jpg,2850
dataset/Combined Dataset/train/taxi/216241992.jpg,taxi,216241992.jpg,2851
dataset/Combined Dataset/train/taxi/216266678.jpg,taxi,216266678.jpg,2852
dataset/Combined Dataset/train/taxi/216288852.jpg,taxi,216288852.jpg,2853
dataset/Combined Dataset/train/taxi/216369226.jpg,taxi,216369226.jpg,2854
dataset/Combined Dataset/train/taxi/216373691.jpg,taxi,216373691.jpg,2855
dataset/Combined Dataset/train/taxi/216373693.jpg,taxi,216373693.jpg,2856
dataset/Combined Dataset/train/taxi/216389622.jpg,taxi,216389622.jpg,2857
dataset/Combined Dataset/train/taxi/216398127.jpg,taxi,216398127.jpg,2858
dataset/Combined Dataset/train/taxi/216402445.jpg,taxi,216402445.jpg,2859
dataset/Combined Dataset/train/taxi/216422192.jpg,taxi,216422192.jpg,2860
dataset/Combined Dataset/train/taxi/216432200.jpg,taxi,216432200.jpg,2861
dataset/Combined Dataset/train/taxi/216432563.jpg,taxi,216432563.jpg,2862
dataset/Combined Dataset/train/taxi/216435100.jpg,taxi,216435100.jpg,2863
dataset/Combined Dataset/train/taxi/216445018.jpg,taxi,216445018.jpg,2864
dataset/Combined Dataset/train/taxi/216456703.jpg,taxi,216456703.jpg,2865
dataset/Combined Dataset/train/taxi/216524007.jpg,taxi,216524007.jpg,2866
dataset/Combined Dataset/train/taxi/216527052.jpg,taxi,216527052.jpg,2867
dataset/Combined Dataset/train/taxi/216532535.jpg,taxi,216532535.jpg,2868
dataset/Combined Dataset/train/taxi/216554605.jpg,taxi,216554605.jpg,2869
dataset/Combined Dataset/train/taxi/216555951.jpg,taxi,216555951.jpg,2870
dataset/Combined Dataset/train/taxi/216557002.jpg,taxi,216557002.jpg,2871
dataset/Combined Dataset/train/taxi/216560016.jpg,taxi,216560016.jpg,2872
dataset/Combined Dataset/train/taxi/216562251.jpg,taxi,216562251.jpg,2873
dataset/Combined Dataset/train/taxi/216587626.jpg,taxi,216587626.jpg,2874
dataset/Combined Dataset/train/taxi/216597558.jpg,taxi,216597558.jpg,2875
dataset/Combined Dataset/train/taxi/216601542.jpg,taxi,216601542.jpg,2876
dataset/Combined Dataset/train/taxi/216608752.jpg,taxi,216608752.jpg,2877
dataset/Combined Dataset/train/taxi/216616342.jpg,taxi,216616342.jpg,2878
dataset/Combined Dataset/train/taxi/216616795.jpg,taxi,216616795.jpg,2879
dataset/Combined Dataset/train/taxi/216617210.jpg,taxi,216617210.jpg,2880
dataset/Combined Dataset/train/taxi/216618122.jpg,taxi,216618122.jpg,2881
dataset/Combined Dataset/train/taxi/216629590.jpg,taxi,216629590.jpg,2882
dataset/Combined Dataset/train/taxi/216629797.jpg,taxi,216629797.jpg,2883
dataset/Combined Dataset/train/taxi/216646720.jpg,taxi,216646720.jpg,2884
dataset/Combined Dataset/train/taxi/216675429.jpg,taxi,216675429.jpg,2885
dataset/Combined Dataset/train/taxi/216684150.jpg,taxi,216684150.jpg,2886
dataset/Combined Dataset/train/taxi/216746933.jpg,taxi,216746933.jpg,2887
dataset/Combined Dataset/train/taxi/216752830.jpg,taxi,216752830.jpg,2888
dataset/Combined Dataset/train/taxi/216762705.jpg,taxi,216762705.jpg,2889
dataset/Combined Dataset/train/taxi/216780403.jpg,taxi,216780403.jpg,2890
dataset/Combined Dataset/train/taxi/216785981.jpg,taxi,216785981.jpg,2891
dataset/Combined Dataset/train/taxi/216787354.jpg,taxi,216787354.jpg,2892
dataset/Combined Dataset/train/taxi/216804552.jpg,taxi,216804552.jpg,2893
dataset/Combined Dataset/train/taxi/216816628.jpg,taxi,216816628.jpg,2894
dataset/Combined Dataset/train/taxi/216818182.jpg,taxi,216818182.jpg,2895
dataset/Combined Dataset/train/taxi/216820907.jpg,taxi,216820907.jpg,2896
dataset/Combined Dataset/train/taxi/216828711.jpg,taxi,216828711.jpg,2897
dataset/Combined Dataset/train/taxi/216835817.jpg,taxi,216835817.jpg,2898
dataset/Combined Dataset/train/taxi/216847527.jpg,taxi,216847527.jpg,2899
dataset/Combined Dataset/train/taxi/216848358.jpg,taxi,216848358.jpg,2900
dataset/Combined Dataset/train/taxi/216860683.jpg,taxi,216860683.jpg,2901
dataset/Combined Dataset/train/taxi/216875057.jpg,taxi,216875057.jpg,2902
dataset/Combined Dataset/train/taxi/216878077.jpg,taxi,216878077.jpg,2903
dataset/Combined Dataset/train/taxi/216878759.jpg,taxi,216878759.jpg,2904
dataset/Combined Dataset/train/taxi/216891850.jpg,taxi,216891850.jpg,2905
dataset/Combined Dataset/train/taxi/216893661.jpg,taxi,216893661.jpg,2906
dataset/Combined Dataset/train/taxi/216894830.jpg,taxi,216894830.jpg,2907
dataset/Combined Dataset/train/taxi/216929149.jpg,taxi,216929149.jpg,2908
dataset/Combined Dataset/train/taxi/216949199.jpg,taxi,216949199.jpg,2909
dataset/Combined Dataset/train/taxi/216952757.jpg,taxi,216952757.jpg,2910
dataset/Combined Dataset/train/taxi/216964234.jpg,taxi,216964234.jpg,2911
dataset/Combined Dataset/train/taxi/216968614.jpg,taxi,216968614.jpg,2912
dataset/Combined Dataset/train/taxi/216978702.jpg,taxi,216978702.jpg,2913
dataset/Combined Dataset/train/taxi/217002049.jpg,taxi,217002049.jpg,2914
dataset/Combined Dataset/train/taxi/217016702.jpg,taxi,217016702.jpg,2541
dataset/Combined Dataset/train/taxi/217024637.jpg,taxi,217024637.jpg,2916
dataset/Combined Dataset/train/taxi/217024752.jpg,taxi,217024752.jpg,2917
dataset/Combined Dataset/train/taxi/217041267.jpg,taxi,217041267.jpg,2918
dataset/Combined Dataset/train/taxi/217051130.jpg,taxi,217051130.jpg,2919
dataset/Combined Dataset/train/taxi/217054704.jpg,taxi,217054704.jpg,2920
dataset/Combined Dataset/train/taxi/217058934.jpg,taxi,217058934.jpg,2921
dataset/Combined Dataset/train/taxi/217088721.jpg,taxi,217088721.jpg,2922
dataset/Combined Dataset/train/taxi/217093155.jpg,taxi,217093155.jpg,2923
dataset/Combined Dataset/train/taxi/217106962.jpg,taxi,217106962.jpg,2924
dataset/Combined Dataset/train/taxi/217107971.jpg,taxi,217107971.jpg,2925
dataset/Combined Dataset/train/taxi/217111373.jpg,taxi,217111373.jpg,2926
dataset/Combined Dataset/train/taxi/217137849.jpg,taxi,217137849.jpg,2927
dataset/Combined Dataset/train/taxi/217144560.jpg,taxi,217144560.jpg,2928
dataset/Combined Dataset/train/taxi/217163644.jpg,taxi,217163644.jpg,2929
dataset/Combined Dataset/train/taxi/217170866.jpg,taxi,217170866.jpg,2930
dataset/Combined Dataset/train/taxi/217191582.jpg,taxi,217191582.jpg,2931
dataset/Combined Dataset/train/taxi/217194334.jpg,taxi,217194334.jpg,2932
dataset/Combined Dataset/train/taxi/217195564.jpg,taxi,217195564.jpg,2933
dataset/Combined Dataset/train/taxi/217201191.jpg,taxi,217201191.jpg,2934
dataset/Combined Dataset/train/taxi/217215925.jpg,taxi,217215925.jpg,2935
dataset/Combined Dataset/train/taxi/217218520.jpg,taxi,217218520.jpg,2936
dataset/Combined Dataset/train/taxi/217233737.jpg,taxi,217233737.jpg,2937
dataset/Combined Dataset/train/taxi/217239782.jpg,taxi,217239782.jpg,2938
dataset/Combined Dataset/train/taxi/217243222.jpg,taxi,217243222.jpg,2939
dataset/Combined Dataset/train/taxi/217244427.jpg,taxi,217244427.jpg,2940
dataset/Combined Dataset/train/taxi/217247964.jpg,taxi,217247964.jpg,2941
dataset/Combined Dataset/train/taxi/217257668.jpg,taxi,217257668.jpg,2942
dataset/Combined Dataset/train/taxi/217264329.jpg,taxi,217264329.jpg,2943
dataset/Combined Dataset/train/taxi/217265862.jpg,taxi,217265862.jpg,2944
dataset/Combined Dataset/train/taxi/217269377.jpg,taxi,217269377.jpg,2945
dataset/Combined Dataset/train/taxi/217270060.jpg,taxi,217270060.jpg,2946
dataset/Combined Dataset/train/taxi/217285903.jpg,taxi,217285903.jpg,2947
dataset/Combined Dataset/train/taxi/217354473.jpg,taxi,217354473.jpg,2948
dataset/Combined Dataset/train/taxi/217354919.jpg,taxi,217354919.jpg,2949
dataset/Combined Dataset/train/taxi/217360055.jpg,taxi,217360055.jpg,2950
dataset/Combined Dataset/train/taxi/217395242.jpg,taxi,217395242.jpg,2951
dataset/Combined Dataset/train/taxi/217405463.jpg,taxi,217405463.jpg,2952
dataset/Combined Dataset/train/taxi/217408003.jpg,taxi,217408003.jpg,2953
dataset/Combined Dataset/train/taxi/217418779.jpg,taxi,217418779.jpg,2954
dataset/Combined Dataset/train/taxi/217426237.jpg,taxi,217426237.jpg,2955
dataset/Combined Dataset/train/taxi/217430278.jpg,taxi,217430278.jpg,2956
dataset/Combined Dataset/train/taxi/217478871.jpg,taxi,217478871.jpg,2957
dataset/Combined Dataset/train/taxi/217482526.jpg,taxi,217482526.jpg,2958
dataset/Combined Dataset/train/taxi/217484586.jpg,taxi,217484586.jpg,2959
dataset/Combined Dataset/train/taxi/217501689.jpg,taxi,217501689.jpg,2960
dataset/Combined Dataset/train/taxi/217502539.jpg,taxi,217502539.jpg,2961
dataset/Combined Dataset/train/taxi/217506735.jpg,taxi,217506735.jpg,2962
dataset/Combined Dataset/train/taxi/217533470.jpg,taxi,217533470.jpg,2963
dataset/Combined Dataset/train/taxi/217544550.jpg,taxi,217544550.jpg,2964
dataset/Combined Dataset/train/taxi/217548779.jpg,taxi,217548779.jpg,2965
dataset/Combined Dataset/train/taxi/217551050.jpg,taxi,217551050.jpg,2966
dataset/Combined Dataset/train/taxi/217567828.jpg,taxi,217567828.jpg,2967
dataset/Combined Dataset/train/taxi/217570575.jpg,taxi,217570575.jpg,2968
dataset/Combined Dataset/train/taxi/217580230.jpg,taxi,217580230.jpg,2969
dataset/Combined Dataset/train/taxi/217601310.jpg,taxi,217601310.jpg,2970
dataset/Combined Dataset/train/taxi/217627944.jpg,taxi,217627944.jpg,2971
dataset/Combined Dataset/train/taxi/217644232.jpg,taxi,217644232.jpg,2972
dataset/Combined Dataset/train/taxi/217656357.jpg,taxi,217656357.jpg,2973
dataset/Combined Dataset/train/taxi/217729028.jpg,taxi,217729028.jpg,2974
dataset/Combined Dataset/train/taxi/217739057.jpg,taxi,217739057.jpg,2975
dataset/Combined Dataset/train/taxi/217747000.jpg,taxi,217747000.jpg,2976
dataset/Combined Dataset/train/taxi/217763528.jpg,taxi,217763528.jpg,2977
dataset/Combined Dataset/train/taxi/217763966.jpg,taxi,217763966.jpg,2978
dataset/Combined Dataset/train/taxi/217766035.jpg,taxi,217766035.jpg,2979
dataset/Combined Dataset/train/taxi/217787108.jpg,taxi,217787108.jpg,2980
dataset/Combined Dataset/train/taxi/217799839.jpg,taxi,217799839.jpg,2981
dataset/Combined Dataset/train/taxi/217800553.jpg,taxi,217800553.jpg,2982
dataset/Combined Dataset/train/taxi/217814325.jpg,taxi,217814325.jpg,2983
dataset/Combined Dataset/train/taxi/217834801.jpg,taxi,217834801.jpg,2984
dataset/Combined Dataset/train/taxi/217898024.jpg,taxi,217898024.jpg,2985
dataset/Combined Dataset/train/taxi/217899602.jpg,taxi,217899602.jpg,2986
dataset/Combined Dataset/train/taxi/217902707.jpg,taxi,217902707.jpg,2987
dataset/Combined Dataset/train/taxi/217918556.jpg,taxi,217918556.jpg,2988
dataset/Combined Dataset/train/taxi/217951846.jpg,taxi,217951846.jpg,2989
dataset/Combined Dataset/train/taxi/217953643.jpg,taxi,217953643.jpg,2990
dataset/Combined Dataset/train/taxi/217957079.jpg,taxi,217957079.jpg,2991
dataset/Combined Dataset/train/taxi/217967703.jpg,taxi,217967703.jpg,2992
dataset/Combined Dataset/train/taxi/217977572.jpg,taxi,217977572.jpg,2993
dataset/Combined Dataset/train/taxi/217978353.jpg,taxi,217978353.jpg,2994
dataset/Combined Dataset/train/taxi/217979957.jpg,taxi,217979957.jpg,2995
dataset/Combined Dataset/train/taxi/217990923.jpg,taxi,217990923.jpg,2996
dataset/Combined Dataset/train/taxi/218000849.jpg,taxi,218000849.jpg,2997
dataset/Combined Dataset/train/taxi/218002619.jpg,taxi,218002619.jpg,2998
dataset/Combined Dataset/train/taxi/218006006.jpg,taxi,218006006.jpg,2999
dataset/Combined Dataset/train/taxi/218009858.jpg,taxi,218009858.jpg,3000
dataset/Combined Dataset/train/taxi/218010664.jpg,taxi,218010664.jpg,3001
dataset/Combined Dataset/train/taxi/218024619.jpg,taxi,218024619.jpg,3002
dataset/Combined Dataset/train/taxi/218028690.jpg,taxi,218028690.jpg,3003
dataset/Combined Dataset/train/taxi/218042131.jpg,taxi,218042131.jpg,3004
dataset/Combined Dataset/train/taxi/218045822.jpg,taxi,218045822.jpg,3005
dataset/Combined Dataset/train/taxi/218051297.jpg,taxi,218051297.jpg,3006
dataset/Combined Dataset/train/taxi/218056965.jpg,taxi,218056965.jpg,3007
dataset/Combined Dataset/train/taxi/218069773.jpg,taxi,218069773.jpg,3008
dataset/Combined Dataset/train/taxi/218076751.jpg,taxi,218076751.jpg,3009
dataset/Combined Dataset/train/taxi/218078057.jpg,taxi,218078057.jpg,3010
dataset/Combined Dataset/train/taxi/218081372.jpg,taxi,218081372.jpg,3011
dataset/Combined Dataset/train/taxi/218093052.jpg,taxi,218093052.jpg,3012
dataset/Combined Dataset/train/taxi/218104747.jpg,taxi,218104747.jpg,3013
dataset/Combined Dataset/train/taxi/218106502.jpg,taxi,218106502.jpg,3014
dataset/Combined Dataset/train/taxi/218118406.jpg,taxi,218118406.jpg,3015
dataset/Combined Dataset/train/taxi/218120131.jpg,taxi,218120131.jpg,3016
dataset/Combined Dataset/train/taxi/218120685.jpg,taxi,218120685.jpg,3017
dataset/Combined Dataset/train/taxi/218124538.jpg,taxi,218124538.jpg,3018
dataset/Combined Dataset/train/taxi/218136743.jpg,taxi,218136743.jpg,3019
dataset/Combined Dataset/train/taxi/218140851.jpg,taxi,218140851.jpg,3020
dataset/Combined Dataset/train/taxi/218156501.jpg,taxi,218156501.jpg,3021
dataset/Combined Dataset/train/taxi/218159183.jpg,taxi,218159183.jpg,3022
dataset/Combined Dataset/train/taxi/218160438.jpg,taxi,218160438.jpg,3023
dataset/Combined Dataset/train/taxi/218169975.jpg,taxi,218169975.jpg,3024
dataset/Combined Dataset/train/taxi/218182821.jpg,taxi,218182821.jpg,3025
dataset/Combined Dataset/train/taxi/218187498.jpg,taxi,218187498.jpg,3026
dataset/Combined Dataset/train/taxi/218189366.jpg,taxi,218189366.jpg,3027
dataset/Combined Dataset/train/taxi/218189795.jpg,taxi,218189795.jpg,3028
dataset/Combined Dataset/train/taxi/218201278.jpg,taxi,218201278.jpg,3029
dataset/Combined Dataset/train/taxi/218203719.jpg,taxi,218203719.jpg,3030
dataset/Combined Dataset/train/taxi/218205147.jpg,taxi,218205147.jpg,3031
dataset/Combined Dataset/train/taxi/218212988.jpg,taxi,218212988.jpg,3032
dataset/Combined Dataset/train/taxi/218213642.jpg,taxi,218213642.jpg,3033
dataset/Combined Dataset/train/taxi/218219642.jpg,taxi,218219642.jpg,3034
dataset/Combined Dataset/train/taxi/218228771.jpg,taxi,218228771.jpg,3035
dataset/Combined Dataset/train/taxi/218236851.jpg,taxi,218236851.jpg,3036
dataset/Combined Dataset/train/taxi/218243226.jpg,taxi,218243226.jpg,3037
dataset/Combined Dataset/train/taxi/218243301.jpg,taxi,218243301.jpg,3038
dataset/Combined Dataset/train/taxi/218248245.jpg,taxi,218248245.jpg,3039
dataset/Combined Dataset/train/taxi/218256574.jpg,taxi,218256574.jpg,3040
dataset/Combined Dataset/train/taxi/218257216.jpg,taxi,218257216.jpg,3041
dataset/Combined Dataset/train/taxi/218260137.jpg,taxi,218260137.jpg,3042
dataset/Combined Dataset/train/taxi/218266883.jpg,taxi,218266883.jpg,3043
dataset/Combined Dataset/train/taxi/218270063.jpg,taxi,218270063.jpg,3044
dataset/Combined Dataset/train/taxi/218278120.jpg,taxi,218278120.jpg,3045
dataset/Combined Dataset/train/taxi/218279077.jpg,taxi,218279077.jpg,3046
dataset/Combined Dataset/train/taxi/218305132.jpg,taxi,218305132.jpg,3047
dataset/Combined Dataset/train/taxi/218306921.jpg,taxi,218306921.jpg,3048
dataset/Combined Dataset/train/taxi/218319555.jpg,taxi,218319555.jpg,3049
dataset/Combined Dataset/train/taxi/218320753.jpg,taxi,218320753.jpg,3050
dataset/Combined Dataset/train/taxi/218321884.jpg,taxi,218321884.jpg,3051
dataset/Combined Dataset/train/taxi/218332011.jpg,taxi,218332011.jpg,3052
dataset/Combined Dataset/train/taxi/218339564.jpg,taxi,218339564.jpg,3053
dataset/Combined Dataset/train/taxi/218342807.jpg,taxi,218342807.jpg,3054
dataset/Combined Dataset/train/taxi/218343681.jpg,taxi,218343681.jpg,3055
dataset/Combined Dataset/train/taxi/218360827.jpg,taxi,218360827.jpg,3056
dataset/Combined Dataset/train/taxi/218367265.jpg,taxi,218367265.jpg,3057
dataset/Combined Dataset/train/taxi/218377804.jpg,taxi,218377804.jpg,3058
dataset/Combined Dataset/train/taxi/218399607.jpg,taxi,218399607.jpg,3059
dataset/Combined Dataset/train/taxi/218402981.jpg,taxi,218402981.jpg,3060
dataset/Combined Dataset/train/taxi/218414701.jpg,taxi,218414701.jpg,3061
dataset/Combined Dataset/train/taxi/218434268.jpg,taxi,218434268.jpg,3062
dataset/Combined Dataset/train/taxi/218443077.jpg,taxi,218443077.jpg,3063
dataset/Combined Dataset/train/taxi/218449051.jpg,taxi,218449051.jpg,3064
dataset/Combined Dataset/train/taxi/218481509.jpg,taxi,218481509.jpg,3065
dataset/Combined Dataset/train/taxi/218521917.jpg,taxi,218521917.jpg,3066
dataset/Combined Dataset/train/taxi/218522456.jpg,taxi,218522456.jpg,3067
dataset/Combined Dataset/train/taxi/218563090.jpg,taxi,218563090.jpg,3068
dataset/Combined Dataset/train/taxi/218566564.jpg,taxi,218566564.jpg,3069
dataset/Combined Dataset/train/taxi/218567436.jpg,taxi,218567436.jpg,3070
dataset/Combined Dataset/train/taxi/218578770.jpg,taxi,218578770.jpg,3071
dataset/Combined Dataset/train/taxi/218580315.jpg,taxi,218580315.jpg,3072
dataset/Combined Dataset/train/taxi/218595145.jpg,taxi,218595145.jpg,3073
dataset/Combined Dataset/train/taxi/218597916.jpg,taxi,218597916.jpg,3074
dataset/Combined Dataset/train/taxi/218598758.jpg,taxi,218598758.jpg,3075
dataset/Combined Dataset/train/taxi/218609374.jpg,taxi,218609374.jpg,3076
dataset/Combined Dataset/train/taxi/218622649.jpg,taxi,218622649.jpg,3077
dataset/Combined Dataset/train/taxi/218623451.jpg,taxi,218623451.jpg,3078
dataset/Combined Dataset/train/taxi/218627347.jpg,taxi,218627347.jpg,3079
dataset/Combined Dataset/train/taxi/218655409.jpg,taxi,218655409.jpg,3080
dataset/Combined Dataset/train/taxi/218670583.jpg,taxi,218670583.jpg,3081
dataset/Combined Dataset/train/taxi/218681190.jpg,taxi,218681190.jpg,3082
dataset/Combined Dataset/train/taxi/218685986.jpg,taxi,218685986.jpg,3083
dataset/Combined Dataset/train/taxi/218687795.jpg,taxi,218687795.jpg,3084
dataset/Combined Dataset/train/taxi/218690372.jpg,taxi,218690372.jpg,3085
dataset/Combined Dataset/train/taxi/218698320.jpg,taxi,218698320.jpg,3086
dataset/Combined Dataset/train/taxi/218714018.jpg,taxi,218714018.jpg,3087
dataset/Combined Dataset/train/taxi/218738200.jpg,taxi,218738200.jpg,3088
dataset/Combined Dataset/train/taxi/218748243.jpg,taxi,218748243.jpg,3089
dataset/Combined Dataset/train/taxi/218757953.jpg,taxi,218757953.jpg,3090
dataset/Combined Dataset/train/taxi/218769647.jpg,taxi,218769647.jpg,3091
dataset/Combined Dataset/train/taxi/218776391.jpg,taxi,218776391.jpg,3092
dataset/Combined Dataset/train/taxi/218778376.jpg,taxi,218778376.jpg,3093
dataset/Combined Dataset/train/taxi/218787302.jpg,taxi,218787302.jpg,3094
dataset/Combined Dataset/train/taxi/218791849.jpg,taxi,218791849.jpg,3095
dataset/Combined Dataset/train/taxi/218805085.jpg,taxi,218805085.jpg,3096
dataset/Combined Dataset/train/taxi/218811381.jpg,taxi,218811381.jpg,3097
dataset/Combined Dataset/train/taxi/218813121.jpg,taxi,218813121.jpg,3098
dataset/Combined Dataset/train/taxi/218832954.jpg,taxi,218832954.jpg,3099
dataset/Combined Dataset/train/taxi/218834664.jpg,taxi,218834664.jpg,3100
dataset/Combined Dataset/train/taxi/218835592.jpg,taxi,218835592.jpg,3101
dataset/Combined Dataset/train/taxi/218861019.jpg,taxi,218861019.jpg,3102
dataset/Combined Dataset/train/taxi/218887865.jpg,taxi,218887865.jpg,3103
dataset/Combined Dataset/train/taxi/218892466.jpg,taxi,218892466.jpg,3104
dataset/Combined Dataset/train/taxi/218901805.jpg,taxi,218901805.jpg,3105
dataset/Combined Dataset/train/taxi/218932282.jpg,taxi,218932282.jpg,3106
dataset/Combined Dataset/train/taxi/218935254.jpg,taxi,218935254.jpg,3107
dataset/Combined Dataset/train/taxi/218937266.jpg,taxi,218937266.jpg,3108
dataset/Combined Dataset/train/taxi/218941349.jpg,taxi,218941349.jpg,3109
dataset/Combined Dataset/train/taxi/218944731.jpg,taxi,218944731.jpg,3110
dataset/Combined Dataset/train/taxi/218948357.jpg,taxi,218948357.jpg,3111
dataset/Combined Dataset/train/taxi/218967295.jpg,taxi,218967295.jpg,3112
dataset/Combined Dataset/train/taxi/218988377.jpg,taxi,218988377.jpg,3113
dataset/Combined Dataset/train/taxi/219001613.jpg,taxi,219001613.jpg,3114
dataset/Combined Dataset/train/taxi/219012191.jpg,taxi,219012191.jpg,3115
dataset/Combined Dataset/train/taxi/219027793.jpg,taxi,219027793.jpg,3116
dataset/Combined Dataset/train/taxi/219055109.jpg,taxi,219055109.jpg,3117
dataset/Combined Dataset/train/taxi/219055248.jpg,taxi,219055248.jpg,3118
dataset/Combined Dataset/train/taxi/219091412.jpg,taxi,219091412.jpg,3119
dataset/Combined Dataset/train/vanet/193796538.jpg,vanet,193796538.jpg,3120
dataset/Combined Dataset/train/vanet/194260851.jpg,vanet,194260851.jpg,3121
dataset/Combined Dataset/train/vanet/194285934.jpg,vanet,194285934.jpg,3122
dataset/Combined Dataset/train/vanet/194604026.jpg,vanet,194604026.jpg,3123
dataset/Combined Dataset/train/vanet/194840733.jpg,vanet,194840733.jpg,3124
dataset/Combined Dataset/train/vanet/194841865.jpg,vanet,194841865.jpg,3125
dataset/Combined Dataset/train/vanet/194853070.jpg,vanet,194853070.jpg,3126
dataset/Combined Dataset/train/vanet/194872019.jpg,vanet,194872019.jpg,3127
dataset/Combined Dataset/train/vanet/194936120.jpg,vanet,194936120.jpg,3128
dataset/Combined Dataset/train/vanet/194942215.jpg,vanet,194942215.jpg,3129
dataset/Combined Dataset/train/vanet/194960996.jpg,vanet,194960996.jpg,3130
dataset/Combined Dataset/train/vanet/195080365.jpg,vanet,195080365.jpg,3131
dataset/Combined Dataset/train/vanet/195110811.jpg,vanet,195110811.jpg,3132
dataset/Combined Dataset/train/vanet/195132617.jpg,vanet,195132617.jpg,3133
dataset/Combined Dataset/train/vanet/195136808.jpg,vanet,195136808.jpg,3134
dataset/Combined Dataset/train/vanet/195147641.jpg,vanet,195147641.jpg,3135
dataset/Combined Dataset/train/vanet/195148040.jpg,vanet,195148040.jpg,3136
dataset/Combined Dataset/train/vanet/195151211.jpg,vanet,195151211.jpg,3137
dataset/Combined Dataset/train/vanet/195158727.jpg,vanet,195158727.jpg,3138
dataset/Combined Dataset/train/vanet/195165208.jpg,vanet,195165208.jpg,3139
dataset/Combined Dataset/train/vanet/195274804.jpg,vanet,195274804.jpg,3140
dataset/Combined Dataset/train/vanet/195290564.jpg,vanet,195290564.jpg,3141
dataset/Combined Dataset/train/vanet/195297859.jpg,vanet,195297859.jpg,3142
dataset/Combined Dataset/train/vanet/195311741.jpg,vanet,195311741.jpg,3143
dataset/Combined Dataset/train/vanet/195371292.jpg,vanet,195371292.jpg,3144
dataset/Combined Dataset/train/vanet/195391348.jpg,vanet,195391348.jpg,3145
dataset/Combined Dataset/train/vanet/195395611.jpg,vanet,195395611.jpg,3146
dataset/Combined Dataset/train/vanet/195451128.jpg,vanet,195451128.jpg,3147
dataset/Combined Dataset/train/vanet/195478008.jpg,vanet,195478008.jpg,3148
dataset/Combined Dataset/train/vanet/195489956.jpg,vanet,195489956.jpg,3149
dataset/Combined Dataset/train/vanet/195491717.jpg,vanet,195491717.jpg,3150
dataset/Combined Dataset/train/vanet/195575409.jpg,vanet,195575409.jpg,3151
dataset/Combined Dataset/train/vanet/195623474.jpg,vanet,195623474.jpg,3152
dataset/Combined Dataset/train/vanet/195646146.jpg,vanet,195646146.jpg,3153
dataset/Combined Dataset/train/vanet/195657144.jpg,vanet,195657144.jpg,3154
dataset/Combined Dataset/train/vanet/195673270.jpg,vanet,195673270.jpg,3155
dataset/Combined Dataset/train/vanet/195691366.jpg,vanet,195691366.jpg,3156
dataset/Combined Dataset/train/vanet/195718438.jpg,vanet,195718438.jpg,3157
dataset/Combined Dataset/train/vanet/195720789.jpg,vanet,195720789.jpg,3158
dataset/Combined Dataset/train/vanet/195728454.jpg,vanet,195728454.jpg,3159
dataset/Combined Dataset/train/vanet/195729274.jpg,vanet,195729274.jpg,3160
dataset/Combined Dataset/train/vanet/195737410.jpg,vanet,195737410.jpg,3161
dataset/Combined Dataset/train/vanet/195740684.jpg,vanet,195740684.jpg,3162
dataset/Combined Dataset/train/vanet/195895243.jpg,vanet,195895243.jpg,3163
dataset/Combined Dataset/train/vanet/195950402.jpg,vanet,195950402.jpg,3164
dataset/Combined Dataset/train/vanet/195955288.jpg,vanet,195955288.jpg,3165
dataset/Combined Dataset/train/vanet/195988970.jpg,vanet,195988970.jpg,3166
dataset/Combined Dataset/train/vanet/195991462.jpg,vanet,195991462.jpg,3167
dataset/Combined Dataset/train/vanet/196095992.jpg,vanet,196095992.jpg,3168
dataset/Combined Dataset/train/vanet/196163447.jpg,vanet,196163447.jpg,3169
dataset/Combined Dataset/train/vanet/196216785.jpg,vanet,196216785.jpg,3170
dataset/Combined Dataset/train/vanet/196271519.jpg,vanet,196271519.jpg,3171
dataset/Combined Dataset/train/vanet/196296699.jpg,vanet,196296699.jpg,3172
dataset/Combined Dataset/train/vanet/196305661.jpg,vanet,196305661.jpg,3173
dataset/Combined Dataset/train/vanet/196322593.jpg,vanet,196322593.jpg,3174
dataset/Combined Dataset/train/vanet/196472764.jpg,vanet,196472764.jpg,3175
dataset/Combined Dataset/train/vanet/196484539.jpg,vanet,196484539.jpg,3176
dataset/Combined Dataset/train/vanet/196501322.jpg,vanet,196501322.jpg,3177
dataset/Combined Dataset/train/vanet/196541912.jpg,vanet,196541912.jpg,3178
dataset/Combined Dataset/train/vanet/196577840.jpg,vanet,196577840.jpg,3179
dataset/Combined Dataset/train/vanet/196586673.jpg,vanet,196586673.jpg,3180
dataset/Combined Dataset/train/vanet/196587192.jpg,vanet,196587192.jpg,3181
dataset/Combined Dataset/train/vanet/196600810.jpg,vanet,196600810.jpg,3182
dataset/Combined Dataset/train/vanet/196659846.jpg,vanet,196659846.jpg,3183
dataset/Combined Dataset/train/vanet/196691380.jpg,vanet,196691380.jpg,3184
dataset/Combined Dataset/train/vanet/196756713.jpg,vanet,196756713.jpg,3185
dataset/Combined Dataset/train/vanet/196908180.jpg,vanet,196908180.jpg,3186
dataset/Combined Dataset/train/vanet/196935586.jpg,vanet,196935586.jpg,3187
dataset/Combined Dataset/train/vanet/196943968.jpg,vanet,196943968.jpg,3188
dataset/Combined Dataset/train/vanet/196946016.jpg,vanet,196946016.jpg,3189
dataset/Combined Dataset/train/vanet/196951112.jpg,vanet,196951112.jpg,3190
dataset/Combined Dataset/train/vanet/196958341.jpg,vanet,196958341.jpg,3191
dataset/Combined Dataset/train/vanet/196993529.jpg,vanet,196993529.jpg,3192
dataset/Combined Dataset/train/vanet/197011245.jpg,vanet,197011245.jpg,3193
dataset/Combined Dataset/train/vanet/197012948.jpg,vanet,197012948.jpg,3194
dataset/Combined Dataset/train/vanet/197030864.jpg,vanet,197030864.jpg,3195
dataset/Combined Dataset/train/vanet/197037020.jpg,vanet,197037020.jpg,3196
dataset/Combined Dataset/train/vanet/197050396.jpg,vanet,197050396.jpg,3197
dataset/Combined Dataset/train/vanet/197051875.jpg,vanet,197051875.jpg,3198
dataset/Combined Dataset/train/vanet/197073034.jpg,vanet,197073034.jpg,3199
dataset/Combined Dataset/train/vanet/197126230.jpg,vanet,197126230.jpg,3200
dataset/Combined Dataset/train/vanet/197137291.jpg,vanet,197137291.jpg,3201
dataset/Combined Dataset/train/vanet/197145624.jpg,vanet,197145624.jpg,3202
dataset/Combined Dataset/train/vanet/197150276.jpg,vanet,197150276.jpg,3203
dataset/Combined Dataset/train/vanet/197155144.jpg,vanet,197155144.jpg,3204
dataset/Combined Dataset/train/vanet/197187868.jpg,vanet,197187868.jpg,3205
dataset/Combined Dataset/train/vanet/197223393.jpg,vanet,197223393.jpg,3206
dataset/Combined Dataset/train/vanet/197230014.jpg,vanet,197230014.jpg,3207
dataset/Combined Dataset/train/vanet/197237993.jpg,vanet,197237993.jpg,3208
dataset/Combined Dataset/train/vanet/197241414.jpg,vanet,197241414.jpg,3209
dataset/Combined Dataset/train/vanet/197247731.jpg,vanet,197247731.jpg,3210
dataset/Combined Dataset/train/vanet/197248106.jpg,vanet,197248106.jpg,3211
dataset/Combined Dataset/train/vanet/197248545.jpg,vanet,197248545.jpg,3212
dataset/Combined Dataset/train/vanet/197253666.jpg,vanet,197253666.jpg,3213
dataset/Combined Dataset/train/vanet/197255026.jpg,vanet,197255026.jpg,3214
dataset/Combined Dataset/train/vanet/197261582.jpg,vanet,197261582.jpg,3215
dataset/Combined Dataset/train/vanet/197277257.jpg,vanet,197277257.jpg,3216
dataset/Combined Dataset/train/vanet/197308030.jpg,vanet,197308030.jpg,3217
dataset/Combined Dataset/train/vanet/197316952.jpg,vanet,197316952.jpg,3218
dataset/Combined Dataset/train/vanet/197319173.jpg,vanet,197319173.jpg,3219
dataset/Combined Dataset/train/vanet/197365651.jpg,vanet,197365651.jpg,3220
dataset/Combined Dataset/train/vanet/197375182.jpg,vanet,197375182.jpg,3221
dataset/Combined Dataset/train/vanet/197394524.jpg,vanet,197394524.jpg,3222
dataset/Combined Dataset/train/vanet/197400566.jpg,vanet,197400566.jpg,3223
dataset/Combined Dataset/train/vanet/197410959.jpg,vanet,197410959.jpg,3224
dataset/Combined Dataset/train/vanet/197417821.jpg,vanet,197417821.jpg,3225
dataset/Combined Dataset/train/vanet/197437140.jpg,vanet,197437140.jpg,3226
dataset/Combined Dataset/train/vanet/197440812.jpg,vanet,197440812.jpg,3227
dataset/Combined Dataset/train/vanet/197495997.jpg,vanet,197495997.jpg,3228
dataset/Combined Dataset/train/vanet/197508757.jpg,vanet,197508757.jpg,3229
dataset/Combined Dataset/train/vanet/197526482.jpg,vanet,197526482.jpg,3230
dataset/Combined Dataset/train/vanet/197527148.jpg,vanet,197527148.jpg,3231
dataset/Combined Dataset/train/vanet/197551635.jpg,vanet,197551635.jpg,3232
dataset/Combined Dataset/train/vanet/197560785.jpg,vanet,197560785.jpg,3233
dataset/Combined Dataset/train/vanet/197560959.jpg,vanet,197560959.jpg,3234
dataset/Combined Dataset/train/vanet/197599935.jpg,vanet,197599935.jpg,3235
dataset/Combined Dataset/train/vanet/197629171.jpg,vanet,197629171.jpg,3236
dataset/Combined Dataset/train/vanet/197642949.jpg,vanet,197642949.jpg,3237
dataset/Combined Dataset/train/vanet/197678284.jpg,vanet,197678284.jpg,3238
dataset/Combined Dataset/train/vanet/197702697.jpg,vanet,197702697.jpg,3239
dataset/Combined Dataset/train/vanet/197729524.jpg,vanet,197729524.jpg,3240
dataset/Combined Dataset/train/vanet/197741309.jpg,vanet,197741309.jpg,3241
dataset/Combined Dataset/train/vanet/197762795.jpg,vanet,197762795.jpg,3242
dataset/Combined Dataset/train/vanet/197799946.jpg,vanet,197799946.jpg,3243
dataset/Combined Dataset/train/vanet/197800952.jpg,vanet,197800952.jpg,3244
dataset/Combined Dataset/train/vanet/197801257.jpg,vanet,197801257.jpg,3245
dataset/Combined Dataset/train/vanet/197826422.jpg,vanet,197826422.jpg,3246
dataset/Combined Dataset/train/vanet/197838737.jpg,vanet,197838737.jpg,3247
dataset/Combined Dataset/train/vanet/197844909.jpg,vanet,197844909.jpg,3248
dataset/Combined Dataset/train/vanet/197852665.jpg,vanet,197852665.jpg,3249
dataset/Combined Dataset/train/vanet/197880860.jpg,vanet,197880860.jpg,3250
dataset/Combined Dataset/train/vanet/197919941.jpg,vanet,197919941.jpg,3251
dataset/Combined Dataset/train/vanet/197957684.jpg,vanet,197957684.jpg,3252
dataset/Combined Dataset/train/vanet/197959333.jpg,vanet,197959333.jpg,3253
dataset/Combined Dataset/train/vanet/197986381.jpg,vanet,197986381.jpg,3254
dataset/Combined Dataset/train/vanet/198019923.jpg,vanet,198019923.jpg,3255
dataset/Combined Dataset/train/vanet/198034392.jpg,vanet,198034392.jpg,3256
dataset/Combined Dataset/train/vanet/198052628.jpg,vanet,198052628.jpg,3257
dataset/Combined Dataset/train/vanet/198055205.jpg,vanet,198055205.jpg,3258
dataset/Combined Dataset/train/vanet/198067483.jpg,vanet,198067483.jpg,3259
dataset/Combined Dataset/train/vanet/198067896.jpg,vanet,198067896.jpg,3260
dataset/Combined Dataset/train/vanet/198083699.jpg,vanet,198083699.jpg,3261
dataset/Combined Dataset/train/vanet/198100361.jpg,vanet,198100361.jpg,3262
dataset/Combined Dataset/train/vanet/198119089.jpg,vanet,198119089.jpg,3263
dataset/Combined Dataset/train/vanet/198165650.jpg,vanet,198165650.jpg,3264
dataset/Combined Dataset/train/vanet/198180001.jpg,vanet,198180001.jpg,3265
dataset/Combined Dataset/train/vanet/198195169.jpg,vanet,198195169.jpg,3266
dataset/Combined Dataset/train/vanet/198237870.jpg,vanet,198237870.jpg,3267
dataset/Combined Dataset/train/vanet/198246401.jpg,vanet,198246401.jpg,3268
dataset/Combined Dataset/train/vanet/198248524.jpg,vanet,198248524.jpg,3269
dataset/Combined Dataset/train/vanet/198251219.jpg,vanet,198251219.jpg,3270
dataset/Combined Dataset/train/vanet/198256082.jpg,vanet,198256082.jpg,3271
dataset/Combined Dataset/train/vanet/198284815.jpg,vanet,198284815.jpg,3272
dataset/Combined Dataset/train/vanet/198361421.jpg,vanet,198361421.jpg,3273
dataset/Combined Dataset/train/vanet/198363928.jpg,vanet,198363928.jpg,3274
dataset/Combined Dataset/train/vanet/198366858.jpg,vanet,198366858.jpg,3275
dataset/Combined Dataset/train/vanet/198381413.jpg,vanet,198381413.jpg,3276
dataset/Combined Dataset/train/vanet/198401066.jpg,vanet,198401066.jpg,3277
dataset/Combined Dataset/train/vanet/198403132.jpg,vanet,198403132.jpg,3278
dataset/Combined Dataset/train/vanet/198415918.jpg,vanet,198415918.jpg,3279
dataset/Combined Dataset/train/vanet/198420720.jpg,vanet,198420720.jpg,3280
dataset/Combined Dataset/train/vanet/198422649.jpg,vanet,198422649.jpg,3281
dataset/Combined Dataset/train/vanet/198454664.jpg,vanet,198454664.jpg,3282
dataset/Combined Dataset/train/vanet/198459757.jpg,vanet,198459757.jpg,3283
dataset/Combined Dataset/train/vanet/198460428.jpg,vanet,198460428.jpg,3284
dataset/Combined Dataset/train/vanet/198484121.jpg,vanet,198484121.jpg,3285
dataset/Combined Dataset/train/vanet/198487480.jpg,vanet,198487480.jpg,3286
dataset/Combined Dataset/train/vanet/198488181.jpg,vanet,198488181.jpg,3287
dataset/Combined Dataset/train/vanet/198502993.jpg,vanet,198502993.jpg,3288
dataset/Combined Dataset/train/vanet/198504276.jpg,vanet,198504276.jpg,3289
dataset/Combined Dataset/train/vanet/198521244.jpg,vanet,198521244.jpg,3290
dataset/Combined Dataset/train/vanet/198555767.jpg,vanet,198555767.jpg,3291
dataset/Combined Dataset/train/vanet/198578327.jpg,vanet,198578327.jpg,3292
dataset/Combined Dataset/train/vanet/198628181.jpg,vanet,198628181.jpg,3293
dataset/Combined Dataset/train/vanet/198661396.jpg,vanet,198661396.jpg,3294
dataset/Combined Dataset/train/vanet/198682197.jpg,vanet,198682197.jpg,3295
dataset/Combined Dataset/train/vanet/198693433.jpg,vanet,198693433.jpg,3296
dataset/Combined Dataset/train/vanet/198723141.jpg,vanet,198723141.jpg,3297
dataset/Combined Dataset/train/vanet/198738633.jpg,vanet,198738633.jpg,3298
dataset/Combined Dataset/train/vanet/198830904.jpg,vanet,198830904.jpg,3299
dataset/Combined Dataset/train/vanet/198838713.jpg,vanet,198838713.jpg,3300
dataset/Combined Dataset/train/vanet/198879422.jpg,vanet,198879422.jpg,3301
dataset/Combined Dataset/train/vanet/198922511.jpg,vanet,198922511.jpg,3302
dataset/Combined Dataset/train/vanet/198973233.jpg,vanet,198973233.jpg,3303
dataset/Combined Dataset/train/vanet/198988033.jpg,vanet,198988033.jpg,3304
dataset/Combined Dataset/train/vanet/199036351.jpg,vanet,199036351.jpg,3305
dataset/Combined Dataset/train/vanet/199126941.jpg,vanet,199126941.jpg,3306
dataset/Combined Dataset/train/vanet/199158191.jpg,vanet,199158191.jpg,3307
dataset/Combined Dataset/train/vanet/199169585.jpg,vanet,199169585.jpg,3308
dataset/Combined Dataset/train/vanet/199280248.jpg,vanet,199280248.jpg,3309
dataset/Combined Dataset/train/vanet/199318277.jpg,vanet,199318277.jpg,3310
dataset/Combined Dataset/train/vanet/199334653.jpg,vanet,199334653.jpg,3311
dataset/Combined Dataset/train/vanet/199339196.jpg,vanet,199339196.jpg,3312
dataset/Combined Dataset/train/vanet/199343837.jpg,vanet,199343837.jpg,3313
dataset/Combined Dataset/train/vanet/199358904.jpg,vanet,199358904.jpg,3314
dataset/Combined Dataset/train/vanet/199392072.jpg,vanet,199392072.jpg,3315
dataset/Combined Dataset/train/vanet/199401055.jpg,vanet,199401055.jpg,3316
dataset/Combined Dataset/train/vanet/199405061.jpg,vanet,199405061.jpg,3317
dataset/Combined Dataset/train/vanet/199411077.jpg,vanet,199411077.jpg,3318
dataset/Combined Dataset/train/vanet/199412925.jpg,vanet,199412925.jpg,3319
dataset/Combined Dataset/train/vanet/199447894.jpg,vanet,199447894.jpg,3320
dataset/Combined Dataset/train/vanet/199524545.jpg,vanet,199524545.jpg,3321
dataset/Combined Dataset/train/vanet/199525188.jpg,vanet,199525188.jpg,3322
dataset/Combined Dataset/train/vanet/199534377.jpg,vanet,199534377.jpg,3323
dataset/Combined Dataset/train/vanet/199550450.jpg,vanet,199550450.jpg,3324
dataset/Combined Dataset/train/vanet/199677477.jpg,vanet,199677477.jpg,3325
dataset/Combined Dataset/train/vanet/199706691.jpg,vanet,199706691.jpg,3326
dataset/Combined Dataset/train/vanet/199759650.jpg,vanet,199759650.jpg,3327
dataset/Combined Dataset/train/vanet/199788218.jpg,vanet,199788218.jpg,3328
dataset/Combined Dataset/train/vanet/199800413.jpg,vanet,199800413.jpg,3329
dataset/Combined Dataset/train/vanet/199825627.jpg,vanet,199825627.jpg,3330
dataset/Combined Dataset/train/vanet/199831447.jpg,vanet,199831447.jpg,3331
dataset/Combined Dataset/train/vanet/199832901.jpg,vanet,199832901.jpg,3332
dataset/Combined Dataset/train/vanet/199942704.jpg,vanet,199942704.jpg,3333
dataset/Combined Dataset/train/vanet/199953375.jpg,vanet,199953375.jpg,3334
dataset/Combined Dataset/train/vanet/199998323.jpg,vanet,199998323.jpg,3335
dataset/Combined Dataset/train/vanet/200024004.jpg,vanet,200024004.jpg,3336
dataset/Combined Dataset/train/vanet/200298503.jpg,vanet,200298503.jpg,3337
dataset/Combined Dataset/train/vanet/200389158.jpg,vanet,200389158.jpg,3338
dataset/Combined Dataset/train/vanet/200420286.jpg,vanet,200420286.jpg,3339
dataset/Combined Dataset/train/vanet/200481076.jpg,vanet,200481076.jpg,3340
dataset/Combined Dataset/train/vanet/200495754.jpg,vanet,200495754.jpg,3341
dataset/Combined Dataset/train/vanet/200533750.jpg,vanet,200533750.jpg,3342
dataset/Combined Dataset/train/vanet/200609458.jpg,vanet,200609458.jpg,3343
dataset/Combined Dataset/train/vanet/200630697.jpg,vanet,200630697.jpg,3344
dataset/Combined Dataset/train/vanet/200794546.jpg,vanet,200794546.jpg,3345
dataset/Combined Dataset/train/vanet/200802999.jpg,vanet,200802999.jpg,3346
dataset/Combined Dataset/train/vanet/200809636.jpg,vanet,200809636.jpg,3347
dataset/Combined Dataset/train/vanet/200823882.jpg,vanet,200823882.jpg,3348
dataset/Combined Dataset/train/vanet/200843665.jpg,vanet,200843665.jpg,3349
dataset/Combined Dataset/train/vanet/200932721.jpg,vanet,200932721.jpg,3350
dataset/Combined Dataset/train/vanet/200943051.jpg,vanet,200943051.jpg,3351
dataset/Combined Dataset/train/vanet/201094953.jpg,vanet,201094953.jpg,3352
dataset/Combined Dataset/train/vanet/201189023.jpg,vanet,201189023.jpg,3353
dataset/Combined Dataset/train/vanet/201223227.jpg,vanet,201223227.jpg,3354
dataset/Combined Dataset/train/vanet/201652374.jpg,vanet,201652374.jpg,3355
dataset/Combined Dataset/train/vanet/201758472.jpg,vanet,201758472.jpg,3356
dataset/Combined Dataset/train/vanet/201790304.jpg,vanet,201790304.jpg,3357
dataset/Combined Dataset/train/vanet/201814328.jpg,vanet,201814328.jpg,3358
dataset/Combined Dataset/train/vanet/201847206.jpg,vanet,201847206.jpg,3359
dataset/Combined Dataset/train/vanet/201927527.jpg,vanet,201927527.jpg,3360
dataset/Combined Dataset/train/vanet/201971644.jpg,vanet,201971644.jpg,3361
dataset/Combined Dataset/train/vanet/201982839.jpg,vanet,201982839.jpg,3362
dataset/Combined Dataset/train/vanet/201998076.jpg,vanet,201998076.jpg,3363
dataset/Combined Dataset/train/vanet/202019896.jpg,vanet,202019896.jpg,3364
dataset/Combined Dataset/train/vanet/202045297.jpg,vanet,202045297.jpg,3365
dataset/Combined Dataset/train/vanet/202121208.jpg,vanet,202121208.jpg,3366
dataset/Combined Dataset/train/vanet/202177183.jpg,vanet,202177183.jpg,3367
dataset/Combined Dataset/train/vanet/202308812.jpg,vanet,202308812.jpg,3368
dataset/Combined Dataset/train/vanet/202667629.jpg,vanet,202667629.jpg,3369
dataset/Combined Dataset/train/vanet/202758553.jpg,vanet,202758553.jpg,3370
dataset/Combined Dataset/train/vanet/202766710.jpg,vanet,202766710.jpg,3371
dataset/Combined Dataset/train/vanet/202784956.jpg,vanet,202784956.jpg,3372
dataset/Combined Dataset/train/vanet/202794779.jpg,vanet,202794779.jpg,3373
dataset/Combined Dataset/train/vanet/202810079.jpg,vanet,202810079.jpg,3374
dataset/Combined Dataset/train/vanet/202819083.jpg,vanet,202819083.jpg,3375
dataset/Combined Dataset/train/vanet/202856843.jpg,vanet,202856843.jpg,3376
dataset/Combined Dataset/train/vanet/202875871.jpg,vanet,202875871.jpg,3377
dataset/Combined Dataset/train/vanet/202926245.jpg,vanet,202926245.jpg,3378
dataset/Combined Dataset/train/vanet/202980222.jpg,vanet,202980222.jpg,3379
dataset/Combined Dataset/train/vanet/203138968.jpg,vanet,203138968.jpg,3380
dataset/Combined Dataset/train/vanet/203213711.jpg,vanet,203213711.jpg,3381
dataset/Combined Dataset/train/vanet/203265997.jpg,vanet,203265997.jpg,3382
dataset/Combined Dataset/train/vanet/203269085.jpg,vanet,203269085.jpg,3383
dataset/Combined Dataset/train/vanet/203270338.jpg,vanet,203270338.jpg,3384
dataset/Combined Dataset/train/vanet/203413968.jpg,vanet,203413968.jpg,3385
dataset/Combined Dataset/train/vanet/203454250.jpg,vanet,203454250.jpg,3386
dataset/Combined Dataset/train/vanet/203511630.jpg,vanet,203511630.jpg,3387
dataset/Combined Dataset/train/vanet/203739270.jpg,vanet,203739270.jpg,3388
dataset/Combined Dataset/train/vanet/204002318.jpg,vanet,204002318.jpg,3389
dataset/Combined Dataset/train/vanet/204195442.jpg,vanet,204195442.jpg,3390
dataset/Combined Dataset/train/vanet/204210347.jpg,vanet,204210347.jpg,3391
dataset/Combined Dataset/train/vanet/204488081.jpg,vanet,204488081.jpg,3392
dataset/Combined Dataset/train/vanet/204556090.jpg,vanet,204556090.jpg,3393
dataset/Combined Dataset/train/vanet/204725649.jpg,vanet,204725649.jpg,3394
dataset/Combined Dataset/train/vanet/204859983.jpg,vanet,204859983.jpg,3395
dataset/Combined Dataset/train/vanet/204908253.jpg,vanet,204908253.jpg,3396
dataset/Combined Dataset/train/vanet/205193554.jpg,vanet,205193554.jpg,3397
dataset/Combined Dataset/train/vanet/205262878.jpg,vanet,205262878.jpg,3398
dataset/Combined Dataset/train/vanet/205272178.jpg,vanet,205272178.jpg,3399
dataset/Combined Dataset/train/vanet/205317833.jpg,vanet,205317833.jpg,3400
dataset/Combined Dataset/train/vanet/205327149.jpg,vanet,205327149.jpg,3401
dataset/Combined Dataset/train/vanet/205354707.jpg,vanet,205354707.jpg,3402
dataset/Combined Dataset/train/vanet/205359219.jpg,vanet,205359219.jpg,3403
dataset/Combined Dataset/train/vanet/205492654.jpg,vanet,205492654.jpg,3404
dataset/Combined Dataset/train/vanet/205573319.jpg,vanet,205573319.jpg,3405
dataset/Combined Dataset/train/vanet/205720297.jpg,vanet,205720297.jpg,3406
dataset/Combined Dataset/train/vanet/205760741.jpg,vanet,205760741.jpg,3407
dataset/Combined Dataset/train/vanet/205765142.jpg,vanet,205765142.jpg,3408
dataset/Combined Dataset/train/vanet/205814375.jpg,vanet,205814375.jpg,3409
dataset/Combined Dataset/train/vanet/205839665.jpg,vanet,205839665.jpg,3410
dataset/Combined Dataset/train/vanet/205863988.jpg,vanet,205863988.jpg,3411
dataset/Combined Dataset/train/vanet/205893783.jpg,vanet,205893783.jpg,3412
dataset/Combined Dataset/train/vanet/205896670.jpg,vanet,205896670.jpg,3413
dataset/Combined Dataset/train/vanet/205952169.jpg,vanet,205952169.jpg,3414
dataset/Combined Dataset/train/vanet/205997164.jpg,vanet,205997164.jpg,3415
dataset/Combined Dataset/train/vanet/206019581.jpg,vanet,206019581.jpg,3416
dataset/Combined Dataset/train/vanet/206081296.jpg,vanet,206081296.jpg,3417
dataset/Combined Dataset/train/vanet/206095693.jpg,vanet,206095693.jpg,3418
dataset/Combined Dataset/train/vanet/206108673.jpg,vanet,206108673.jpg,3419
dataset/Combined Dataset/train/vanet/206133475.jpg,vanet,206133475.jpg,3420
dataset/Combined Dataset/train/vanet/206134330.jpg,vanet,206134330.jpg,3421
dataset/Combined Dataset/train/vanet/206146531.jpg,vanet,206146531.jpg,3422
dataset/Combined Dataset/train/vanet/206171093.jpg,vanet,206171093.jpg,3423
dataset/Combined Dataset/train/vanet/206177192.jpg,vanet,206177192.jpg,3424
dataset/Combined Dataset/train/vanet/206203349.jpg,vanet,206203349.jpg,3425
dataset/Combined Dataset/train/vanet/206216604.jpg,vanet,206216604.jpg,3426
dataset/Combined Dataset/train/vanet/206278229.jpg,vanet,206278229.jpg,3427
dataset/Combined Dataset/train/vanet/206287271.jpg,vanet,206287271.jpg,3428
dataset/Combined Dataset/train/vanet/206292031.jpg,vanet,206292031.jpg,3429
dataset/Combined Dataset/train/vanet/206341310.jpg,vanet,206341310.jpg,3430
dataset/Combined Dataset/train/vanet/206357127.jpg,vanet,206357127.jpg,3431
dataset/Combined Dataset/train/vanet/206569698.jpg,vanet,206569698.jpg,3432
dataset/Combined Dataset/train/vanet/206608462.jpg,vanet,206608462.jpg,3433
dataset/Combined Dataset/train/vanet/206612809.jpg,vanet,206612809.jpg,3434
dataset/Combined Dataset/train/vanet/206621017.jpg,vanet,206621017.jpg,3435
dataset/Combined Dataset/train/vanet/206621338.jpg,vanet,206621338.jpg,3436
dataset/Combined Dataset/train/vanet/206651635.jpg,vanet,206651635.jpg,3437
dataset/Combined Dataset/train/vanet/206728042.jpg,vanet,206728042.jpg,3438
dataset/Combined Dataset/train/vanet/206739448.jpg,vanet,206739448.jpg,3439
dataset/Combined Dataset/train/vanet/206926152.jpg,vanet,206926152.jpg,3440
dataset/Combined Dataset/train/vanet/206990805.jpg,vanet,206990805.jpg,3441
dataset/Combined Dataset/train/vanet/207016564.jpg,vanet,207016564.jpg,3442
dataset/Combined Dataset/train/vanet/207057519.jpg,vanet,207057519.jpg,3443
dataset/Combined Dataset/train/vanet/207074343.jpg,vanet,207074343.jpg,3444
dataset/Combined Dataset/train/vanet/207079360.jpg,vanet,207079360.jpg,3445
dataset/Combined Dataset/train/vanet/207142000.jpg,vanet,207142000.jpg,3446
dataset/Combined Dataset/train/vanet/207142715.jpg,vanet,207142715.jpg,3447
dataset/Combined Dataset/train/vanet/207145836.jpg,vanet,207145836.jpg,3448
dataset/Combined Dataset/train/vanet/207156622.jpg,vanet,207156622.jpg,3449
dataset/Combined Dataset/train/vanet/207163688.jpg,vanet,207163688.jpg,3450
dataset/Combined Dataset/train/vanet/207200870.jpg,vanet,207200870.jpg,3451
dataset/Combined Dataset/train/vanet/207216359.jpg,vanet,207216359.jpg,3452
dataset/Combined Dataset/train/vanet/207379908.jpg,vanet,207379908.jpg,3453
dataset/Combined Dataset/train/vanet/207385887.jpg,vanet,207385887.jpg,3454
dataset/Combined Dataset/train/vanet/207410682.jpg,vanet,207410682.jpg,3455
dataset/Combined Dataset/train/vanet/207412597.jpg,vanet,207412597.jpg,3456
dataset/Combined Dataset/train/vanet/207517475.jpg,vanet,207517475.jpg,3457
dataset/Combined Dataset/train/vanet/207534276.jpg,vanet,207534276.jpg,3458
dataset/Combined Dataset/train/vanet/207573757.jpg,vanet,207573757.jpg,3459
dataset/Combined Dataset/train/vanet/207596603.jpg,vanet,207596603.jpg,3460
dataset/Combined Dataset/train/vanet/207677276.jpg,vanet,207677276.jpg,3461
dataset/Combined Dataset/train/vanet/207684145.jpg,vanet,207684145.jpg,3462
dataset/Combined Dataset/train/vanet/207696354.jpg,vanet,207696354.jpg,3463
dataset/Combined Dataset/train/vanet/207702391.jpg,vanet,207702391.jpg,3464
dataset/Combined Dataset/train/vanet/207721906.jpg,vanet,207721906.jpg,3465
dataset/Combined Dataset/train/vanet/207739732.jpg,vanet,207739732.jpg,3466
dataset/Combined Dataset/train/vanet/207742359.jpg,vanet,207742359.jpg,3467
dataset/Combined Dataset/train/vanet/207748261.jpg,vanet,207748261.jpg,3468
dataset/Combined Dataset/train/vanet/207749551.jpg,vanet,207749551.jpg,3469
dataset/Combined Dataset/train/vanet/207752161.jpg,vanet,207752161.jpg,3470
dataset/Combined Dataset/train/vanet/207758538.jpg,vanet,207758538.jpg,3471
dataset/Combined Dataset/train/vanet/207767728.jpg,vanet,207767728.jpg,3472
dataset/Combined Dataset/train/vanet/207785775.jpg,vanet,207785775.jpg,3473
dataset/Combined Dataset/train/vanet/207786156.jpg,vanet,207786156.jpg,3474
dataset/Combined Dataset/train/vanet/207803201.jpg,vanet,207803201.jpg,3475
dataset/Combined Dataset/train/vanet/207846586.jpg,vanet,207846586.jpg,3476
dataset/Combined Dataset/train/vanet/207848730.jpg,vanet,207848730.jpg,3477
dataset/Combined Dataset/train/vanet/207849483.jpg,vanet,207849483.jpg,3478
dataset/Combined Dataset/train/vanet/207850008.jpg,vanet,207850008.jpg,3479
dataset/Combined Dataset/train/vanet/207857872.jpg,vanet,207857872.jpg,3480
dataset/Combined Dataset/train/vanet/207861786.jpg,vanet,207861786.jpg,3481
dataset/Combined Dataset/train/vanet/207965767.jpg,vanet,207965767.jpg,3482
dataset/Combined Dataset/train/vanet/207974100.jpg,vanet,207974100.jpg,3483
dataset/Combined Dataset/train/vanet/208014246.jpg,vanet,208014246.jpg,3484
dataset/Combined Dataset/train/vanet/208025714.jpg,vanet,208025714.jpg,3485
dataset/Combined Dataset/train/vanet/208031990.jpg,vanet,208031990.jpg,3486
dataset/Combined Dataset/train/vanet/208034728.jpg,vanet,208034728.jpg,3487
dataset/Combined Dataset/train/vanet/208036477.jpg,vanet,208036477.jpg,3488
dataset/Combined Dataset/train/vanet/208044083.jpg,vanet,208044083.jpg,3489
dataset/Combined Dataset/train/vanet/208091182.jpg,vanet,208091182.jpg,3490
dataset/Combined Dataset/train/vanet/208096370.jpg,vanet,208096370.jpg,3491
dataset/Combined Dataset/train/vanet/208115002.jpg,vanet,208115002.jpg,3492
dataset/Combined Dataset/train/vanet/208129801.jpg,vanet,208129801.jpg,3493
dataset/Combined Dataset/train/vanet/208131330.jpg,vanet,208131330.jpg,3494
dataset/Combined Dataset/train/vanet/208197304.jpg,vanet,208197304.jpg,3495
dataset/Combined Dataset/train/vanet/208228643.jpg,vanet,208228643.jpg,3496
dataset/Combined Dataset/train/vanet/208270780.jpg,vanet,208270780.jpg,3497
dataset/Combined Dataset/train/vanet/208280084.jpg,vanet,208280084.jpg,3498
dataset/Combined Dataset/train/vanet/208285763.jpg,vanet,208285763.jpg,3499
dataset/Combined Dataset/train/vanet/208296936.jpg,vanet,208296936.jpg,3500
dataset/Combined Dataset/train/vanet/208328663.jpg,vanet,208328663.jpg,3501
dataset/Combined Dataset/train/vanet/208331769.jpg,vanet,208331769.jpg,3502
dataset/Combined Dataset/train/vanet/208337677.jpg,vanet,208337677.jpg,3503
dataset/Combined Dataset/train/vanet/208339363.jpg,vanet,208339363.jpg,3504
dataset/Combined Dataset/train/vanet/208386363.jpg,vanet,208386363.jpg,3505
dataset/Combined Dataset/train/vanet/208422550.jpg,vanet,208422550.jpg,3506
dataset/Combined Dataset/train/vanet/208472560.jpg,vanet,208472560.jpg,3507
dataset/Combined Dataset/train/vanet/208473051.jpg,vanet,208473051.jpg,3508
dataset/Combined Dataset/train/vanet/208475226.jpg,vanet,208475226.jpg,3509
dataset/Combined Dataset/train/vanet/208497709.jpg,vanet,208497709.jpg,3510
dataset/Combined Dataset/train/vanet/208529735.jpg,vanet,208529735.jpg,3511
dataset/Combined Dataset/train/vanet/208570612.jpg,vanet,208570612.jpg,3512
dataset/Combined Dataset/train/vanet/208582339.jpg,vanet,208582339.jpg,3513
dataset/Combined Dataset/train/vanet/208586813.jpg,vanet,208586813.jpg,3514
dataset/Combined Dataset/train/vanet/208592216.jpg,vanet,208592216.jpg,3515
dataset/Combined Dataset/train/vanet/208593884.jpg,vanet,208593884.jpg,3516
dataset/Combined Dataset/train/vanet/208635729.jpg,vanet,208635729.jpg,3517
dataset/Combined Dataset/train/vanet/208657736.jpg,vanet,208657736.jpg,3518
dataset/Combined Dataset/train/vanet/208671162.jpg,vanet,208671162.jpg,3519
dataset/Combined Dataset/train/vanet/208675127.jpg,vanet,208675127.jpg,3520
dataset/Combined Dataset/train/vanet/208678784.jpg,vanet,208678784.jpg,3521
dataset/Combined Dataset/train/vanet/208707423.jpg,vanet,208707423.jpg,3522
dataset/Combined Dataset/train/vanet/208758342.jpg,vanet,208758342.jpg,3523
dataset/Combined Dataset/train/vanet/208758405.jpg,vanet,208758405.jpg,3524
dataset/Combined Dataset/train/vanet/208789361.jpg,vanet,208789361.jpg,3525
dataset/Combined Dataset/train/vanet/208840760.jpg,vanet,208840760.jpg,3526
dataset/Combined Dataset/train/vanet/209014176.jpg,vanet,209014176.jpg,3527
dataset/Combined Dataset/train/vanet/209052190.jpg,vanet,209052190.jpg,3528
dataset/Combined Dataset/train/vanet/209060648.jpg,vanet,209060648.jpg,3529
dataset/Combined Dataset/train/vanet/209096424.jpg,vanet,209096424.jpg,3530
dataset/Combined Dataset/train/vanet/209172997.jpg,vanet,209172997.jpg,3531
dataset/Combined Dataset/train/vanet/209233623.jpg,vanet,209233623.jpg,3532
dataset/Combined Dataset/train/vanet/209271297.jpg,vanet,209271297.jpg,3533
dataset/Combined Dataset/train/vanet/209282422.jpg,vanet,209282422.jpg,3534
dataset/Combined Dataset/train/vanet/209320911.jpg,vanet,209320911.jpg,3535
dataset/Combined Dataset/train/vanet/209440438.jpg,vanet,209440438.jpg,3536
dataset/Combined Dataset/train/vanet/209493858.jpg,vanet,209493858.jpg,3537
dataset/Combined Dataset/train/vanet/209500130.jpg,vanet,209500130.jpg,3538
dataset/Combined Dataset/train/vanet/209501291.jpg,vanet,209501291.jpg,3539
dataset/Combined Dataset/train/vanet/209693167.jpg,vanet,209693167.jpg,3540
dataset/Combined Dataset/train/vanet/209726658.jpg,vanet,209726658.jpg,3541
dataset/Combined Dataset/train/vanet/209749493.jpg,vanet,209749493.jpg,3542
dataset/Combined Dataset/train/vanet/209766482.jpg,vanet,209766482.jpg,3543
dataset/Combined Dataset/train/vanet/209780947.jpg,vanet,209780947.jpg,3544
dataset/Combined Dataset/train/vanet/209813193.jpg,vanet,209813193.jpg,3545
dataset/Combined Dataset/train/vanet/209913836.jpg,vanet,209913836.jpg,3546
dataset/Combined Dataset/train/vanet/209919775.jpg,vanet,209919775.jpg,3547
dataset/Combined Dataset/train/vanet/209937838.jpg,vanet,209937838.jpg,3548
dataset/Combined Dataset/train/vanet/209943473.jpg,vanet,209943473.jpg,3549
dataset/Combined Dataset/train/vanet/210121027.jpg,vanet,210121027.jpg,3550
dataset/Combined Dataset/train/vanet/210379308.jpg,vanet,210379308.jpg,3551
dataset/Combined Dataset/train/vanet/210404279.jpg,vanet,210404279.jpg,3552
dataset/Combined Dataset/train/vanet/210603202.jpg,vanet,210603202.jpg,3553
dataset/Combined Dataset/train/vanet/210682674.jpg,vanet,210682674.jpg,3554
dataset/Combined Dataset/train/vanet/210735083.jpg,vanet,210735083.jpg,3555
dataset/Combined Dataset/train/vanet/210819242.jpg,vanet,210819242.jpg,3556
dataset/Combined Dataset/train/vanet/210908141.jpg,vanet,210908141.jpg,3557
dataset/Combined Dataset/train/vanet/211040523.jpg,vanet,211040523.jpg,3558
dataset/Combined Dataset/train/vanet/211048353.jpg,vanet,211048353.jpg,3559
dataset/Combined Dataset/train/vanet/211341025.jpg,vanet,211341025.jpg,3560
dataset/Combined Dataset/train/vanet/211529650.jpg,vanet,211529650.jpg,3561
dataset/Combined Dataset/train/vanet/211683675.jpg,vanet,211683675.jpg,3562
dataset/Combined Dataset/train/vanet/211742372.jpg,vanet,211742372.jpg,3563
dataset/Combined Dataset/train/vanet/211821251.jpg,vanet,211821251.jpg,3564
dataset/Combined Dataset/train/vanet/211868443.jpg,vanet,211868443.jpg,3565
dataset/Combined Dataset/train/vanet/211921402.jpg,vanet,211921402.jpg,3566
dataset/Combined Dataset/train/vanet/211960009.jpg,vanet,211960009.jpg,3567
dataset/Combined Dataset/train/vanet/211979013.jpg,vanet,211979013.jpg,3568
dataset/Combined Dataset/train/vanet/212001729.jpg,vanet,212001729.jpg,3569
dataset/Combined Dataset/train/vanet/212002204.jpg,vanet,212002204.jpg,3570
dataset/Combined Dataset/train/vanet/212029693.jpg,vanet,212029693.jpg,3571
dataset/Combined Dataset/train/vanet/212037438.jpg,vanet,212037438.jpg,3572
dataset/Combined Dataset/train/vanet/212107731.jpg,vanet,212107731.jpg,3573
dataset/Combined Dataset/train/vanet/212130689.jpg,vanet,212130689.jpg,3574
dataset/Combined Dataset/train/vanet/212131849.jpg,vanet,212131849.jpg,3575
dataset/Combined Dataset/train/vanet/212164480.jpg,vanet,212164480.jpg,3576
dataset/Combined Dataset/train/vanet/212177980.jpg,vanet,212177980.jpg,3577
dataset/Combined Dataset/train/vanet/212179510.jpg,vanet,212179510.jpg,3578
dataset/Combined Dataset/train/vanet/212188576.jpg,vanet,212188576.jpg,3579
dataset/Combined Dataset/train/vanet/212199241.jpg,vanet,212199241.jpg,3580
dataset/Combined Dataset/train/vanet/212228652.jpg,vanet,212228652.jpg,3581
dataset/Combined Dataset/train/vanet/212246766.jpg,vanet,212246766.jpg,3582
dataset/Combined Dataset/train/vanet/212275461.jpg,vanet,212275461.jpg,3583
dataset/Combined Dataset/train/vanet/212286109.jpg,vanet,212286109.jpg,3584
dataset/Combined Dataset/train/vanet/212344272.jpg,vanet,212344272.jpg,3585
dataset/Combined Dataset/train/vanet/212359578.jpg,vanet,212359578.jpg,3586
dataset/Combined Dataset/train/vanet/212397930.jpg,vanet,212397930.jpg,3587
dataset/Combined Dataset/train/vanet/212400936.jpg,vanet,212400936.jpg,3588
dataset/Combined Dataset/train/vanet/212462069.jpg,vanet,212462069.jpg,3589
dataset/Combined Dataset/train/vanet/212465016.jpg,vanet,212465016.jpg,3590
dataset/Combined Dataset/train/vanet/212468834.jpg,vanet,212468834.jpg,3591
dataset/Combined Dataset/train/vanet/212486564.jpg,vanet,212486564.jpg,3592
dataset/Combined Dataset/train/vanet/212557753.jpg,vanet,212557753.jpg,3593
dataset/Combined Dataset/train/vanet/212662044.jpg,vanet,212662044.jpg,3594
dataset/Combined Dataset/train/vanet/212665899.jpg,vanet,212665899.jpg,3595
dataset/Combined Dataset/train/vanet/212670484.jpg,vanet,212670484.jpg,3596
dataset/Combined Dataset/train/vanet/212755321.jpg,vanet,212755321.jpg,3597
dataset/Combined Dataset/train/vanet/212764267.jpg,vanet,212764267.jpg,3598
dataset/Combined Dataset/train/vanet/212794066.jpg,vanet,212794066.jpg,3599
dataset/Combined Dataset/train/vanet/212899489.jpg,vanet,212899489.jpg,3600
dataset/Combined Dataset/train/vanet/212933941.jpg,vanet,212933941.jpg,3601
dataset/Combined Dataset/train/vanet/212946567.jpg,vanet,212946567.jpg,3602
dataset/Combined Dataset/train/vanet/213022159.jpg,vanet,213022159.jpg,3603
dataset/Combined Dataset/train/vanet/213024260.jpg,vanet,213024260.jpg,3604
dataset/Combined Dataset/train/vanet/213201102.jpg,vanet,213201102.jpg,3605
dataset/Combined Dataset/train/vanet/213213974.jpg,vanet,213213974.jpg,3606
dataset/Combined Dataset/train/vanet/213250902.jpg,vanet,213250902.jpg,3607
dataset/Combined Dataset/train/vanet/213306634.jpg,vanet,213306634.jpg,3608
dataset/Combined Dataset/train/vanet/213323692.jpg,vanet,213323692.jpg,3609
dataset/Combined Dataset/train/vanet/213349964.jpg,vanet,213349964.jpg,3610
dataset/Combined Dataset/train/vanet/213358509.jpg,vanet,213358509.jpg,3611
dataset/Combined Dataset/train/vanet/213453392.jpg,vanet,213453392.jpg,3612
dataset/Combined Dataset/train/vanet/213474257.jpg,vanet,213474257.jpg,3613
dataset/Combined Dataset/train/vanet/213477815.jpg,vanet,213477815.jpg,3614
dataset/Combined Dataset/train/vanet/213498106.jpg,vanet,213498106.jpg,3615
dataset/Combined Dataset/train/vanet/213499081.jpg,vanet,213499081.jpg,3616
dataset/Combined Dataset/train/vanet/213510187.jpg,vanet,213510187.jpg,3617
dataset/Combined Dataset/train/vanet/213512974.jpg,vanet,213512974.jpg,3618
dataset/Combined Dataset/train/vanet/213516467.jpg,vanet,213516467.jpg,3619
dataset/Combined Dataset/train/vanet/213543287.jpg,vanet,213543287.jpg,3620
dataset/Combined Dataset/train/vanet/213563450.jpg,vanet,213563450.jpg,3621
dataset/Combined Dataset/train/vanet/213596552.jpg,vanet,213596552.jpg,3622
dataset/Combined Dataset/train/vanet/213632816.jpg,vanet,213632816.jpg,3623
dataset/Combined Dataset/train/vanet/213693780.jpg,vanet,213693780.jpg,3624
dataset/Combined Dataset/train/vanet/213788075.jpg,vanet,213788075.jpg,3625
dataset/Combined Dataset/train/vanet/213797207.jpg,vanet,213797207.jpg,3626
dataset/Combined Dataset/train/vanet/213802809.jpg,vanet,213802809.jpg,3627
dataset/Combined Dataset/train/vanet/213899758.jpg,vanet,213899758.jpg,3628
dataset/Combined Dataset/train/vanet/213961662.jpg,vanet,213961662.jpg,3629
dataset/Combined Dataset/train/vanet/214020375.jpg,vanet,214020375.jpg,3630
dataset/Combined Dataset/train/vanet/214033035.jpg,vanet,214033035.jpg,3631
dataset/Combined Dataset/train/vanet/214048101.jpg,vanet,214048101.jpg,3632
dataset/Combined Dataset/train/vanet/214176969.jpg,vanet,214176969.jpg,3633
dataset/Combined Dataset/train/vanet/214297729.jpg,vanet,214297729.jpg,3634
dataset/Combined Dataset/train/vanet/214354307.jpg,vanet,214354307.jpg,3635
dataset/Combined Dataset/train/vanet/214415720.jpg,vanet,214415720.jpg,3636
dataset/Combined Dataset/train/vanet/214500693.jpg,vanet,214500693.jpg,3637
dataset/Combined Dataset/train/vanet/214534544.jpg,vanet,214534544.jpg,3638
dataset/Combined Dataset/train/vanet/214538220.jpg,vanet,214538220.jpg,3639
dataset/Combined Dataset/train/vanet/214543167.jpg,vanet,214543167.jpg,3640
dataset/Combined Dataset/train/vanet/214570473.jpg,vanet,214570473.jpg,3641
dataset/Combined Dataset/train/vanet/214572271.jpg,vanet,214572271.jpg,3642
dataset/Combined Dataset/train/vanet/214575134.jpg,vanet,214575134.jpg,3643
dataset/Combined Dataset/train/vanet/214596732.jpg,vanet,214596732.jpg,3644
dataset/Combined Dataset/train/vanet/214628303.jpg,vanet,214628303.jpg,3645
dataset/Combined Dataset/train/vanet/214679839.jpg,vanet,214679839.jpg,3646
dataset/Combined Dataset/train/vanet/214704493.jpg,vanet,214704493.jpg,3647
dataset/Combined Dataset/train/vanet/214710884.jpg,vanet,214710884.jpg,3648
dataset/Combined Dataset/train/vanet/214716307.jpg,vanet,214716307.jpg,3649
dataset/Combined Dataset/train/vanet/214726285.jpg,vanet,214726285.jpg,3650
dataset/Combined Dataset/train/vanet/214758714.jpg,vanet,214758714.jpg,3651
dataset/Combined Dataset/train/vanet/214776623.jpg,vanet,214776623.jpg,3652
dataset/Combined Dataset/train/vanet/214814000.jpg,vanet,214814000.jpg,3653
dataset/Combined Dataset/train/vanet/214838660.jpg,vanet,214838660.jpg,3654
dataset/Combined Dataset/train/vanet/214844236.jpg,vanet,214844236.jpg,3655
dataset/Combined Dataset/train/vanet/214844872.jpg,vanet,214844872.jpg,3656
dataset/Combined Dataset/train/vanet/214846176.jpg,vanet,214846176.jpg,3657
dataset/Combined Dataset/train/vanet/215022451.jpg,vanet,215022451.jpg,3658
dataset/Combined Dataset/train/vanet/215055953.jpg,vanet,215055953.jpg,3659
dataset/Combined Dataset/train/vanet/215107013.jpg,vanet,215107013.jpg,3660
dataset/Combined Dataset/train/vanet/215109203.jpg,vanet,215109203.jpg,3661
dataset/Combined Dataset/train/vanet/215297064.jpg,vanet,215297064.jpg,3662
dataset/Combined Dataset/train/vanet/215575111.jpg,vanet,215575111.jpg,3663
dataset/Combined Dataset/train/vanet/215583918.jpg,vanet,215583918.jpg,3664
dataset/Combined Dataset/train/vanet/215616328.jpg,vanet,215616328.jpg,3665
dataset/Combined Dataset/train/vanet/215621022.jpg,vanet,215621022.jpg,3666
dataset/Combined Dataset/train/vanet/215649880.jpg,vanet,215649880.jpg,3628
dataset/Combined Dataset/train/vanet/215695188.jpg,vanet,215695188.jpg,3668
dataset/Combined Dataset/train/vanet/215698156.jpg,vanet,215698156.jpg,3669
dataset/Combined Dataset/train/vanet/215714541.jpg,vanet,215714541.jpg,3670
dataset/Combined Dataset/train/vanet/215717560.jpg,vanet,215717560.jpg,3671
dataset/Combined Dataset/train/vanet/215720225.jpg,vanet,215720225.jpg,3672
dataset/Combined Dataset/train/vanet/215726436.jpg,vanet,215726436.jpg,3673
dataset/Combined Dataset/train/vanet/215733811.jpg,vanet,215733811.jpg,3674
dataset/Combined Dataset/train/vanet/215738096.jpg,vanet,215738096.jpg,3675
dataset/Combined Dataset/train/vanet/215755752.jpg,vanet,215755752.jpg,3676
dataset/Combined Dataset/train/vanet/215780374.jpg,vanet,215780374.jpg,3677
dataset/Combined Dataset/train/vanet/215821681.jpg,vanet,215821681.jpg,3678
dataset/Combined Dataset/train/vanet/215836175.jpg,vanet,215836175.jpg,3679
dataset/Combined Dataset/train/vanet/215857042.jpg,vanet,215857042.jpg,3680
dataset/Combined Dataset/train/vanet/215880051.jpg,vanet,215880051.jpg,3681
dataset/Combined Dataset/train/vanet/215891603.jpg,vanet,215891603.jpg,3682
dataset/Combined Dataset/train/vanet/215896255.jpg,vanet,215896255.jpg,3683
dataset/Combined Dataset/train/vanet/215904549.jpg,vanet,215904549.jpg,3684
dataset/Combined Dataset/train/vanet/215976038.jpg,vanet,215976038.jpg,3685
dataset/Combined Dataset/train/vanet/215977687.jpg,vanet,215977687.jpg,3686
dataset/Combined Dataset/train/vanet/215996114.jpg,vanet,215996114.jpg,3687
dataset/Combined Dataset/train/vanet/216001977.jpg,vanet,216001977.jpg,3688
dataset/Combined Dataset/train/vanet/216034128.jpg,vanet,216034128.jpg,3689
dataset/Combined Dataset/train/vanet/216044833.jpg,vanet,216044833.jpg,3690
dataset/Combined Dataset/train/vanet/216085337.jpg,vanet,216085337.jpg,3691
dataset/Combined Dataset/train/vanet/216105326.jpg,vanet,216105326.jpg,3692
dataset/Combined Dataset/train/vanet/216107182.jpg,vanet,216107182.jpg,3693
dataset/Combined Dataset/train/vanet/216119284.jpg,vanet,216119284.jpg,3694
dataset/Combined Dataset/train/vanet/216129042.jpg,vanet,216129042.jpg,3695
dataset/Combined Dataset/train/vanet/216156094.jpg,vanet,216156094.jpg,3696
dataset/Combined Dataset/train/vanet/216245889.jpg,vanet,216245889.jpg,3697
dataset/Combined Dataset/train/vanet/216335667.jpg,vanet,216335667.jpg,3698
dataset/Combined Dataset/train/vanet/216342000.jpg,vanet,216342000.jpg,3699
dataset/Combined Dataset/train/vanet/216352099.jpg,vanet,216352099.jpg,3700
dataset/Combined Dataset/train/vanet/216384546.jpg,vanet,216384546.jpg,3701
dataset/Combined Dataset/train/vanet/216417392.jpg,vanet,216417392.jpg,3702
dataset/Combined Dataset/train/vanet/216425162.jpg,vanet,216425162.jpg,3703
dataset/Combined Dataset/train/vanet/216462815.jpg,vanet,216462815.jpg,3704
dataset/Combined Dataset/train/vanet/216463352.jpg,vanet,216463352.jpg,3705
dataset/Combined Dataset/train/vanet/216485447.jpg,vanet,216485447.jpg,3706
dataset/Combined Dataset/train/vanet/216525289.jpg,vanet,216525289.jpg,3707
dataset/Combined Dataset/train/vanet/216534642.jpg,vanet,216534642.jpg,3708
dataset/Combined Dataset/train/vanet/216566708.jpg,vanet,216566708.jpg,3709
dataset/Combined Dataset/train/vanet/216572155.jpg,vanet,216572155.jpg,3710
dataset/Combined Dataset/train/vanet/216606189.jpg,vanet,216606189.jpg,3711
dataset/Combined Dataset/train/vanet/216608800.jpg,vanet,216608800.jpg,3712
dataset/Combined Dataset/train/vanet/216618067.jpg,vanet,216618067.jpg,3713
dataset/Combined Dataset/train/vanet/216625212.jpg,vanet,216625212.jpg,3714
dataset/Combined Dataset/train/vanet/216646205.jpg,vanet,216646205.jpg,3715
dataset/Combined Dataset/train/vanet/216688804.jpg,vanet,216688804.jpg,3716
dataset/Combined Dataset/train/vanet/216713191.jpg,vanet,216713191.jpg,3717
dataset/Combined Dataset/train/vanet/216752426.jpg,vanet,216752426.jpg,3718
dataset/Combined Dataset/train/vanet/216755502.jpg,vanet,216755502.jpg,3719
dataset/Combined Dataset/train/vanet/216755768.jpg,vanet,216755768.jpg,3720
dataset/Combined Dataset/train/vanet/216758585.jpg,vanet,216758585.jpg,3721
dataset/Combined Dataset/train/vanet/216766888.jpg,vanet,216766888.jpg,3722
dataset/Combined Dataset/train/vanet/216797745.jpg,vanet,216797745.jpg,3589
dataset/Combined Dataset/train/vanet/216798672.jpg,vanet,216798672.jpg,3724
dataset/Combined Dataset/train/vanet/216830335.jpg,vanet,216830335.jpg,3725
dataset/Combined Dataset/train/vanet/216849972.jpg,vanet,216849972.jpg,3726
dataset/Combined Dataset/train/vanet/216896507.jpg,vanet,216896507.jpg,3727
dataset/Combined Dataset/train/vanet/216972735.jpg,vanet,216972735.jpg,3728
dataset/Combined Dataset/train/vanet/216976584.jpg,vanet,216976584.jpg,3729
dataset/Combined Dataset/train/vanet/216985846.jpg,vanet,216985846.jpg,3730
dataset/Combined Dataset/train/vanet/216996756.jpg,vanet,216996756.jpg,3731
dataset/Combined Dataset/train/vanet/217018686.jpg,vanet,217018686.jpg,3612
dataset/Combined Dataset/train/vanet/217028894.jpg,vanet,217028894.jpg,3733
dataset/Combined Dataset/train/vanet/217063632.jpg,vanet,217063632.jpg,3734
dataset/Combined Dataset/train/vanet/217090683.jpg,vanet,217090683.jpg,3735
dataset/Combined Dataset/train/vanet/217097271.jpg,vanet,217097271.jpg,3736
dataset/Combined Dataset/train/vanet/217136863.jpg,vanet,217136863.jpg,3737
dataset/Combined Dataset/train/vanet/217170964.jpg,vanet,217170964.jpg,3738
dataset/Combined Dataset/train/vanet/217178596.jpg,vanet,217178596.jpg,3739
dataset/Combined Dataset/train/vanet/217207555.jpg,vanet,217207555.jpg,3740
dataset/Combined Dataset/train/vanet/217212790.jpg,vanet,217212790.jpg,3741
dataset/Combined Dataset/train/vanet/217216852.jpg,vanet,217216852.jpg,3742
dataset/Combined Dataset/train/vanet/217231423.jpg,vanet,217231423.jpg,3743
dataset/Combined Dataset/train/vanet/217260102.jpg,vanet,217260102.jpg,3744
dataset/Combined Dataset/train/vanet/217279618.jpg,vanet,217279618.jpg,3745
dataset/Combined Dataset/train/vanet/217322801.jpg,vanet,217322801.jpg,3746
dataset/Combined Dataset/train/vanet/217352815.jpg,vanet,217352815.jpg,3747
dataset/Combined Dataset/train/vanet/217401649.jpg,vanet,217401649.jpg,3748
dataset/Combined Dataset/train/vanet/217412296.jpg,vanet,217412296.jpg,3749
dataset/Combined Dataset/train/vanet/217426680.jpg,vanet,217426680.jpg,3750
dataset/Combined Dataset/train/vanet/217427995.jpg,vanet,217427995.jpg,3751
dataset/Combined Dataset/train/vanet/217434868.jpg,vanet,217434868.jpg,3752
dataset/Combined Dataset/train/vanet/217493909.jpg,vanet,217493909.jpg,3753
dataset/Combined Dataset/train/vanet/217515157.jpg,vanet,217515157.jpg,3754
dataset/Combined Dataset/train/vanet/217554061.jpg,vanet,217554061.jpg,3612
dataset/Combined Dataset/train/vanet/217558673.jpg,vanet,217558673.jpg,3756
dataset/Combined Dataset/train/vanet/217570438.jpg,vanet,217570438.jpg,3757
dataset/Combined Dataset/train/vanet/217624535.jpg,vanet,217624535.jpg,3758
dataset/Combined Dataset/train/vanet/217670439.jpg,vanet,217670439.jpg,3759
dataset/Combined Dataset/train/vanet/217684475.jpg,vanet,217684475.jpg,3760
dataset/Combined Dataset/train/vanet/217698430.jpg,vanet,217698430.jpg,3761
dataset/Combined Dataset/train/vanet/217750010.jpg,vanet,217750010.jpg,3762
dataset/Combined Dataset/train/vanet/217770313.jpg,vanet,217770313.jpg,3763
dataset/Combined Dataset/train/vanet/217784730.jpg,vanet,217784730.jpg,3764
dataset/Combined Dataset/train/vanet/217829551.jpg,vanet,217829551.jpg,3765
dataset/Combined Dataset/train/vanet/217834045.jpg,vanet,217834045.jpg,3766
dataset/Combined Dataset/train/vanet/217844142.jpg,vanet,217844142.jpg,3767
dataset/Combined Dataset/train/vanet/217881286.jpg,vanet,217881286.jpg,3768
dataset/Combined Dataset/train/vanet/217881742.jpg,vanet,217881742.jpg,3769
dataset/Combined Dataset/train/vanet/217889120.jpg,vanet,217889120.jpg,3770
dataset/Combined Dataset/train/vanet/217953654.jpg,vanet,217953654.jpg,3771
dataset/Combined Dataset/train/vanet/217961793.jpg,vanet,217961793.jpg,3772
dataset/Combined Dataset/train/vanet/217964355.jpg,vanet,217964355.jpg,3773
dataset/Combined Dataset/train/vanet/217970196.jpg,vanet,217970196.jpg,3774
dataset/Combined Dataset/train/vanet/217981226.jpg,vanet,217981226.jpg,3775
dataset/Combined Dataset/train/vanet/217990722.jpg,vanet,217990722.jpg,3776
dataset/Combined Dataset/train/vanet/218015373.jpg,vanet,218015373.jpg,3777
dataset/Combined Dataset/train/vanet/218022599.jpg,vanet,218022599.jpg,3778
dataset/Combined Dataset/train/vanet/218042482.jpg,vanet,218042482.jpg,3589
dataset/Combined Dataset/train/vanet/218044166.jpg,vanet,218044166.jpg,3780
dataset/Combined Dataset/train/vanet/218059558.jpg,vanet,218059558.jpg,3781
dataset/Combined Dataset/train/vanet/218080336.jpg,vanet,218080336.jpg,3782
dataset/Combined Dataset/train/vanet/218080868.jpg,vanet,218080868.jpg,3783
dataset/Combined Dataset/train/vanet/218083641.jpg,vanet,218083641.jpg,3784
dataset/Combined Dataset/train/vanet/218088144.jpg,vanet,218088144.jpg,3785
dataset/Combined Dataset/train/vanet/218101940.jpg,vanet,218101940.jpg,3786
dataset/Combined Dataset/train/vanet/218120114.jpg,vanet,218120114.jpg,3787
dataset/Combined Dataset/train/vanet/218130945.jpg,vanet,218130945.jpg,3788
dataset/Combined Dataset/train/vanet/218153586.jpg,vanet,218153586.jpg,3789
dataset/Combined Dataset/train/vanet/218155360.jpg,vanet,218155360.jpg,3790
dataset/Combined Dataset/train/vanet/218169177.jpg,vanet,218169177.jpg,3791
dataset/Combined Dataset/train/vanet/218187967.jpg,vanet,218187967.jpg,3792
dataset/Combined Dataset/train/vanet/218189460.jpg,vanet,218189460.jpg,3793
dataset/Combined Dataset/train/vanet/218206335.jpg,vanet,218206335.jpg,3794
dataset/Combined Dataset/train/vanet/218216229.jpg,vanet,218216229.jpg,3795
dataset/Combined Dataset/train/vanet/218251629.jpg,vanet,218251629.jpg,3796
dataset/Combined Dataset/train/vanet/218258133.jpg,vanet,218258133.jpg,3797
dataset/Combined Dataset/train/vanet/218259572.jpg,vanet,218259572.jpg,3798
dataset/Combined Dataset/train/vanet/218269888.jpg,vanet,218269888.jpg,3799
dataset/Combined Dataset/train/vanet/218288833.jpg,vanet,218288833.jpg,3800
dataset/Combined Dataset/train/vanet/218299620.jpg,vanet,218299620.jpg,3801
dataset/Combined Dataset/train/vanet/218352401.jpg,vanet,218352401.jpg,3802
dataset/Combined Dataset/train/vanet/218353100.jpg,vanet,218353100.jpg,3803
dataset/Combined Dataset/train/vanet/218377226.jpg,vanet,218377226.jpg,3804
dataset/Combined Dataset/train/vanet/218383178.jpg,vanet,218383178.jpg,3805
dataset/Combined Dataset/train/vanet/218481035.jpg,vanet,218481035.jpg,3806
dataset/Combined Dataset/train/vanet/218511513.jpg,vanet,218511513.jpg,3807
dataset/Combined Dataset/train/vanet/218514544.jpg,vanet,218514544.jpg,3808
dataset/Combined Dataset/train/vanet/218516808.jpg,vanet,218516808.jpg,3809
dataset/Combined Dataset/train/vanet/218530330.jpg,vanet,218530330.jpg,3810
dataset/Combined Dataset/train/vanet/218565025.jpg,vanet,218565025.jpg,3811
dataset/Combined Dataset/train/vanet/218571705.jpg,vanet,218571705.jpg,3812
dataset/Combined Dataset/train/vanet/218575779.jpg,vanet,218575779.jpg,3813
dataset/Combined Dataset/train/vanet/218579053.jpg,vanet,218579053.jpg,3814
dataset/Combined Dataset/train/vanet/218587266.jpg,vanet,218587266.jpg,3815
dataset/Combined Dataset/train/vanet/218594379.jpg,vanet,218594379.jpg,3816
dataset/Combined Dataset/train/vanet/218602877.jpg,vanet,218602877.jpg,3817
dataset/Combined Dataset/train/vanet/218618891.jpg,vanet,218618891.jpg,3818
dataset/Combined Dataset/train/vanet/218619586.jpg,vanet,218619586.jpg,3819
dataset/Combined Dataset/train/vanet/218621398.jpg,vanet,218621398.jpg,3820
dataset/Combined Dataset/train/vanet/218624569.jpg,vanet,218624569.jpg,3821
dataset/Combined Dataset/train/vanet/218629561.jpg,vanet,218629561.jpg,3822
dataset/Combined Dataset/train/vanet/218635722.jpg,vanet,218635722.jpg,3823
dataset/Combined Dataset/train/vanet/218653329.jpg,vanet,218653329.jpg,3824
dataset/Combined Dataset/train/vanet/218667942.jpg,vanet,218667942.jpg,3825
dataset/Combined Dataset/train/vanet/218692911.jpg,vanet,218692911.jpg,3826
dataset/Combined Dataset/train/vanet/218700051.jpg,vanet,218700051.jpg,3827
dataset/Combined Dataset/train/vanet/218701154.jpg,vanet,218701154.jpg,3828
dataset/Combined Dataset/train/vanet/218706383.jpg,vanet,218706383.jpg,3829
dataset/Combined Dataset/train/vanet/218706427.jpg,vanet,218706427.jpg,3830
dataset/Combined Dataset/train/vanet/218706597.jpg,vanet,218706597.jpg,3831
dataset/Combined Dataset/train/vanet/218733711.jpg,vanet,218733711.jpg,3832
dataset/Combined Dataset/train/vanet/218743756.jpg,vanet,218743756.jpg,3833
dataset/Combined Dataset/train/vanet/218753316.jpg,vanet,218753316.jpg,3834
dataset/Combined Dataset/train/vanet/218769882.jpg,vanet,218769882.jpg,3835
dataset/Combined Dataset/train/vanet/218785295.jpg,vanet,218785295.jpg,3836
dataset/Combined Dataset/train/vanet/218790292.jpg,vanet,218790292.jpg,3837
dataset/Combined Dataset/train/vanet/218794461.jpg,vanet,218794461.jpg,3838
dataset/Combined Dataset/train/vanet/218807198.jpg,vanet,218807198.jpg,3839
dataset/Combined Dataset/train/vanet/218807829.jpg,vanet,218807829.jpg,3840
dataset/Combined Dataset/train/vanet/218844658.jpg,vanet,218844658.jpg,3841
dataset/Combined Dataset/train/vanet/218844932.jpg,vanet,218844932.jpg,3842
dataset/Combined Dataset/train/vanet/218847866.jpg,vanet,218847866.jpg,3843
dataset/Combined Dataset/train/vanet/218870355.jpg,vanet,218870355.jpg,3844
dataset/Combined Dataset/train/vanet/218873530.jpg,vanet,218873530.jpg,3845
dataset/Combined Dataset/train/vanet/218879049.jpg,vanet,218879049.jpg,3846
dataset/Combined Dataset/train/vanet/218879297.jpg,vanet,218879297.jpg,3571
dataset/Combined Dataset/train/vanet/218890033.jpg,vanet,218890033.jpg,3848
dataset/Combined Dataset/train/vanet/218912535.jpg,vanet,218912535.jpg,3849
dataset/Combined Dataset/train/vanet/218932038.jpg,vanet,218932038.jpg,3850
dataset/Combined Dataset/train/vanet/218955810.jpg,vanet,218955810.jpg,3851
dataset/Combined Dataset/train/vanet/218970336.jpg,vanet,218970336.jpg,3852
dataset/Combined Dataset/train/vanet/218980394.jpg,vanet,218980394.jpg,3853
dataset/Combined Dataset/train/vanet/218981053.jpg,vanet,218981053.jpg,3854
dataset/Combined Dataset/train/vanet/218981637.jpg,vanet,218981637.jpg,3855
dataset/Combined Dataset/train/vanet/218984663.jpg,vanet,218984663.jpg,3856
dataset/Combined Dataset/train/vanet/218984817.jpg,vanet,218984817.jpg,3857
dataset/Combined Dataset/train/vanet/219013565.jpg,vanet,219013565.jpg,3858
dataset/Combined Dataset/train/vanet/219016956.jpg,vanet,219016956.jpg,3859
dataset/Combined Dataset/train/vanet/219037231.jpg,vanet,219037231.jpg,3860
dataset/Combined Dataset/train/vanet/219083209.jpg,vanet,219083209.jpg,3861
dataset/Combined Dataset/train/vanet/219088134.jpg,vanet,219088134.jpg,3862
dataset/Combined Dataset/train/vanet/219111121.jpg,vanet,219111121.jpg,3863
dataset/Combined Dataset/train/vanet/219117401.jpg,vanet,219117401.jpg,3864
dataset/Combined Dataset/train/vanet/219127494.jpg,vanet,219127494.jpg,3865
